Product_name,Brand,Item_id,Swiper_count,Price
Futurist Skin Tint Serum Foundation SPF 27,EstÃ©e Lauder,2612458,11,$44.00
Dior Forever Fluid Skin Glow Foundation,Dior,2605037,7,$57.00
BAREPRO 24HR Wear Skin-Perfecting Matte Liquid Foundation Mineral SPF 20,bareMinerals,2619782,10,$30.80
Futurist Hydra Rescue Moisturizing Foundation SPF 45,EstÃ©e Lauder,2559137,10,$44.00
Mini CC+ Cream with SPF 50+,IT Cosmetics,2603710,11,$22.00
Teint Idole Ultra Wear 24H Full Coverage Foundation,LancÃ´me,2608119,10,$39.90
Studio Fix Powder Plus Foundation Makeup,MAC,2510813,7,$30.80
Light Reflecting Advanced Skincare Foundation,NARS,2591117,10,$52.00
Studio Fix Fluid SPF15 24HR Matte Foundation + Oil Control,MAC,2622206,10,$30.80
Born This Way Natural Finish Longwear Liquid Foundation,Too Faced,2290020,10,$47.00
CC+ Cream Natural Matte Foundation with SPF 40,IT Cosmetics,2621797,10,$28.20
Even Better Makeup Broad Spectrum SPF 15 Foundation,Clinique,2206255,10,$27.30
Pro Filt'r Soft Matte Longwear Liquid Foundation,FENTY BEAUTY by Rihanna,2592558,10,$40.00
CC+ Cream Illumination SPF 50+,IT Cosmetics,2287681,8,$28.20
Face Bond Self-Setting Waterproof Foundation,Urban Decay Cosmetics,2623593,11,$28.00
Natural Radiant Longwear Foundation,NARS,2523154,6,$52.00
Always On Skin-Balancing Foundation with Hyaluronic Acid + Adaptogens,Smashbox,2610459,9,$45.00
Eaze Drop Blurring Skin Tint,FENTY BEAUTY by Rihanna,2592608,7,$36.00
Stay-Matte Sheer Pressed Powder Foundation,Clinique,2153956,6,$41.00
Bye Bye Foundation Full Coverage Moisturizer with SPF 50+,IT Cosmetics,2523634,5,$28.20
Dual Finish Multi-Tasking Lightweight Pressed Powder Foundation,LancÃ´me,2235364,7,$36.40
Face Tape Full Coverage Foundation,Tarte,2540290,11,$21.00
Soft'Lit Naturally Luminous Hydrating Longwear Foundation,FENTY BEAUTY by Rihanna,2624152,11,$40.00
Superpowder Double Face Makeup Foundation,Clinique,2260625,3,$28.00
Super Stay 24H Skin Tint + Vitamin C,Maybelline,2610824,8,$17.99
RÃ©nergie Lift Makeup Lightweight Liquid Foundation SPF 27,LancÃ´me,2561672,7,$44.10
Infallible Up to 32 Hour Fresh Wear Foundation,L'OrÃ©al,2538170,7,$16.99
Celebration Full Coverage Powder Foundation,IT Cosmetics,2264053,7,$29.40
CC+ Airbrush Perfecting Powder Foundation,IT Cosmetics,2543894,3,$25.20
Fit Me Matte + Poreless Liquid Foundation,Maybelline,2282913,6,$10.99
Tinted Moisturizer Natural Skin Perfector Broad Spectrum SPF 30,Laura Mercier,2560092,10,$54.00
Amazonian Clay 16-Hour Full Coverage Foundation,Tarte,2581434,10,$21.00
Airbrush Flawless Longwear Foundation,Charlotte Tilbury,2624530,5,$49.00
Superbalanced Makeup Foundation,Clinique,2153598,3,$29.40
Double Wear Stay-in-Place Matte Powder Foundation Makeup,EstÃ©e Lauder,2592082,9,$41.60
ULTRA LE TEINT Ultrawear All-Day Comfort Flawless Finish Foundation,CHANEL,2585239,3,$65.00
Teint IdÃ´le Ultra Wear Foundation Stick,LancÃ´me,2577708,8,$35.00
Your Skin But Better Foundation + Skincare,IT Cosmetics,2568657,8,$27.60
HY-GLAM Powder Foundation,NATASHA DENONA,2624364,9,$55.00
Studio Radiance Serum Powered Foundation,MAC,2613961,4,$32.20
Veil Hydrating Skin Tint,HOURGLASS,2611435,11,$49.00
Stay-Matte Oil-Free Makeup Foundation,Clinique,2247037,6,$27.30
Charlotte's Beautiful Skin Foundation,Charlotte Tilbury,2619495,8,$49.00
More Than a Pretty Face Skin-Caring Foundation,Polite Society,2615146,11,$29.40
Acne Solutions Liquid Makeup Foundation,Clinique,2619813,10,$27.30
Teint Idole Ultra Wear Care and Glow Foundation,LancÃ´me,2598637,11,$39.90
Radiant Skin Brightening Serum Skin Tint SPF 30,TULA,2598954,10,$42.00
COMPLEXION RESCUE Tinted Moisturizer Mineral SPF 30,bareMinerals,2283391,11,$39.00
Even Better Clinical Serum Foundation Broad Spectrum SPF 25,Clinique,2574625,9,$33.60
Good Apple Full-Coverage Transfer-Proof Serum Foundation,KVD Beauty,2604575,9,$21.00
4-In-1 Love Your Selfie Longwear Foundation & Concealer,PÃR,2544510,8,$38.00
Even Better Refresh Hydrating and Repairing Makeup Foundation,Clinique,2541677,5,$29.40
Infallible 24H Fresh Wear Foundation In A Powder,L'OrÃ©al,2575170,7,$16.99
LES BEIGES Water-Fresh Tint,CHANEL,2574253,3,$70.00
Always On Skin-Balancing Foundation with Hyaluronic Acid + Adaptogens,Smashbox,2610447,9,$45.00
Celebration Foundation Illumination,IT Cosmetics,2269897,5,$29.40
LES BEIGES Healthy Glow Foundation Hydration and Longwear,CHANEL,2571508,2,$65.00
Shape Tape Cloud CC Cream Broad Spectrum SPF 15 Sunscreen,Tarte,2590218,10,$21.00
PurePressed Base Mineral Foundation Refill,jane iredale,2595189,6,$36.80
"Medium Coverage, Natural Finish Luminous Foundation",Anastasia Beverly Hills,2551421,9,$29.40
Hydromaniac Hydrating Dewy Foundation,Urban Decay Cosmetics,2567739,10,$24.50
Conceal + Perfect 2-in-1 Foundation + Concealer,Milani,2519968,8,$8.39
Skin Twin Featherweight Foundation,Beautycounter,2606483,7,$13.00
Lightform Extended Hydration Foundation,Morphe,2621364,10,$20.00
Good Apple Skin-Perfecting Hydrating Foundation Balm,KVD Beauty,2577085,4,$21.25
Real Flawless Weightless Perfecting Waterproof Foundation,Laura Mercier,2608627,11,$52.00
VITALUMIÃRE AQUA Ultra-Light Skin Perfecting Sunscreen Makeup Broad Spectrum SPF 15,CHANEL,2528581,3,$55.00
Double Wear Sheer Long-Wear Foundation SPF 19,EstÃ©e Lauder,2586158,10,$41.60
Pretty Fresh Hyaluronic Hydrating Foundation,ColourPop,2566879,6,$16.00
Amazonian Clay Blurring Powder Foundation,Tarte,2604703,10,$20.00
4-in-1 Tinted Moisturizer Broad Spectrum SPF 20,PÃR,2241131,7,$36.00
Double Wear Stay in Place Matte Powder Foundation Refill,EstÃ©e Lauder,2593713,7,$31.20
Travel-Size Face Tape Full Coverage Foundation,Tarte,2557013,11,$18.00
nan,nan,2519481,nan,nan
Instant Age Rewind Instant Perfector 4-In-1 Glow Makeup,Maybelline,2596456,6,$13.99
Vanish Seamless Finish Foundation Stick,HOURGLASS,2575932,6,$49.00
True Match Super-Blendable Foundation,L'OrÃ©al,2602421,7,$13.99
Futurist Skin Tint Serum Foundation SPF 27,EstÃ©e Lauder,2612381,11,$44.00
NÂ°1 DE CHANEL Revitalizing Foundation,CHANEL,2605425,nan,$78.00
LES BEIGES Water-Fresh Complexion Touch,CHANEL,2595874,2,$70.00
Sweetener Foundation,r.e.m. beauty,2603299,9,$35.00
Ambient Soft Glow Foundation,HOURGLASS,2599657,8,$58.00
Forever Natural Nude Foundation,Dior,2604394,7,$57.00
Maracuja Juicy Glow Tint,Tarte,2607571,11,$21.00
PHYTO-PIGMENTS Flawless Serum Foundation,Juice Beauty,2295701,9,$22.50
I Am Magic Velvety Matte Foundation,Juvia's Place,2550494,6,$22.00
Original Pure Serum Radiant Natural Liquid Foundation Mineral SPF 20,bareMinerals,2611614,11,$44.00
Flawless Creator Liquid Foundation Drops,Dermablend,2515171,6,$29.40
Skin Fetish: Sublime Perfection Foundation,PAT McGRATH LABS,2613894,9,$69.00
Double Wear Maximum Cover Camouflage Foundation For Face and Body SPF 15,EstÃ©e Lauder,2520898,2,$44.00
Fit Me Dewy + Smooth Foundation,Maybelline,2225223,6,$10.99
Can't Stop Won't Stop 24HR Full Coverage Matte Foundation,NYX Professional Makeup,2531978,8,$15.00
Born This Way Soft Matte FoundationÂ Â,Too Faced,2627298,10,$46.00
Bare With Me Blur Tint Soft Matte Foundation,NYX Professional Makeup,2601294,10,$14.00
Pro Filt'r Soft Matte Powder Foundation,FENTY BEAUTY by Rihanna,2592363,8,$28.00
Featuring You Hydrating Skin Enhancing Tint SPF 30,WYN BEAUTY,2622290,8,$20.30
Double Wear Makeup Pump,EstÃ©e Lauder,2515746,1,$10.40
Hint Hint Skin Tint,Morphe 2,2569296,6,$18.00
Camo Hydrating CC Cream SPF 30,e.l.f. Cosmetics,2617546,8,$15.00
Skin Silk Serum Foundation,Revolution Beauty,2618615,10,$14.00
I am Magic Powder Foundation,Juvia's Place,2607291,9,$18.00
Smooth Finish Foundation Powder,Laura Mercier,2586418,6,$52.00
Conceal & Define Full Coverage Foundation,Revolution Beauty,2542368,3,$12.00
Conceal + Perfect Smooth Finish Cream-To-Powder Foundation,Milani,2558962,10,$8.39
TRUE COLOR Skin Perfecting Stick Foundation SPF 15,BLK/OPL,2579236,3,$8.70
Skin Foundation Stick,BOBBI BROWN,2628927,6,$42.75
Pro Matte Mixing Pigment,L.A. Girl,2540123,2,$9.00
I am Magic Natural Radiance Foundation,Juvia's Place,2607324,9,$23.00
Mini Halo Healthy Glow Tinted Moisturizer Broad Spectrum SPF 25,Smashbox,2596512,11,$20.00
16h Cover & Last Powder Foundation,Essence,2597553,4,$5.99
DATE NIGHT Skin Tint Serum Foundation,Youthforia,2613504,11,$48.00
Olay Simply Ageless 3-in-1 Liquid Foundation,CoverGirl,2296380,6,$18.49
High Fidelity Foundation,Exa,2573281,5,$38.00
PhotoFocus Liquid Foundation,Wet n Wild,2518267,4,$7.49
IRL Filter Longwear Foundation,Revolution Beauty,2597565,6,$13.00
Instant Age Rewind Eraser Treatment Foundation,Maybelline,2620458,7,$14.99
Age Perfect 4-in-1 Tinted Face Balm Foundation,L'OrÃ©al,2601959,4,$8.99
Full Coverage 2-In-1 Foundation & Concealer,KIKO Milano,2576034,2,$18.20
TruBlend Matte Made Liquid Foundation,CoverGirl,2533518,8,$13.49
Illuminance Serum Tint,Revlon,2618859,10,$18.99
Beyond Matte Liquid Foundation,jane iredale,2552811,6,$41.60
Tinted Cover Foundation,NUDESTIX,2552723,6,$38.00
Illuminance Skin-Caring Foundation,Revlon,2605534,5,$17.99
Pro Coverage Liquid Foundation,L.A. Girl,2505343,2,$8.99
Mattifying Powder Foundation,Burt's Bees,2518238,5,$16.99
Clean Fresh Skin Milk Foundation,CoverGirl,2556829,8,$12.49
Say What?! Foundation,UOMA Beauty,2593663,5,$19.50
Lock-It Foundation,KVD Beauty,2570570,6,$40.50
Velvet Matte Longwear Foundation,ULTA Beauty Collection,2560234,4,$4.80
Keep Me Covered Long-Lasting Foundation,Essence,2603112,4,$6.99
Travel Size Shape Tape Cloud Cream Broad Spectrum SPF 15 Sunscreen,Tarte,2590169,3,$18.00
nan,nan,2607365,nan,nan
Sheer Skin Tinted Foundation,L.A. Girl,2581633,6,$4.49
Get Real Serum Foundation,FLOWER Beauty,2577491,6,$17.00
Moisturizing Complexion Stick,ULTA Beauty Collection,2620514,5,$9.60
Illusion Hyaluronic Skin Tint,HOURGLASS,2575959,nan,$56.00
Refillable Compact,jane iredale,2595249,nan,$16.00
Pro.Matte Foundation,L.A. Girl,2522793,2,$9.00
nan,nan,2553269,nan,nan
Camo Powder Foundation,e.l.f. Cosmetics,2597461,7,$11.00
Velvet Veil Minerals Powder Foundation,ULTA Beauty Collection,2617164,6,$9.60
Flawless Satin Foundation,e.l.f. Cosmetics,2554506,7,$6.00
PRO Soft Focus Longwear Foundation,LORAC,2558415,6,$38.00
Bio Powder Foundation,Well People,2553264,8,$27.00
TRUE COLOR Mineral Matte CrÃ¨me Powder Foundation SPF 15,BLK/OPL,2578383,2,$8.97
Keep Me Covered Powder,Essence,2618266,4,$5.99
Studio Radiance Face And Body Radiant Sheer Foundation,MAC,2579193,6,$42.00
Foundation Pump,NARS,2519621,nan,$6.00
TRUE COLOR Pore Perfecting CrÃ¨me Powder Foundation,BLK/OPL,2579249,2,$8.97
Pore Perfecting Liquid Foundation,BLK/OPL,2578400,8,$8.97
Kind Tint Tinted Serum,Pacifica,2591360,6,$9.80
nan,nan,2564466,nan,nan
Skin by Mented Foundation,mented cosmetics,2578537,3,$21.00
Studio Skin 24 Hour Full Coverage Waterproof Foundation,Smashbox,2552423,6,$3.80
Trick and Treat CCÂ² Active Propolis Color Correcting Cream With Broad Spectrum SPF 45,Hey Honey,2563933,7,$42.00
COMPLEXION RESCUE Natural Matte Tinted Moisturizer Mineral SPF 30,bareMinerals,2605209,10,$39.00
Tinted Moisturizer Oil Free Natural Skin Perfector Broad Spectrum SPF 20,Laura Mercier,2581981,11,$54.00
Mini CC+ Cream with SPF 50+,IT Cosmetics,2603716,11,$22.00
Dream Fresh BB Cream 8-In-1 Skin Perfector,Maybelline,2247174,6,$9.99
nan,nan,2306382,nan,nan
BB Cream SPF 20,Erborian,2597214,8,$46.00
Perfect Lasting Foundation,VDL,2560248,4,$35.00
Mini Halo Healthy Glow Tinted Moisturizer Broad Spectrum SPF 25,Smashbox,2596516,11,$20.00
Mini Tinted Moisturizer Natural Skin Perfector Broad Spectrum SPF 30,Laura Mercier,2610229,8,$29.00
Mini Tinted Moisturizer Oil Free Natural Skin Perfector Broad Spectrum SPF 20,Laura Mercier,2610240,8,$29.00
Tinted Moisturizer Natural Skin Perfector Broad Spectrum SPF 30,Laura Mercier,2560092,10,$54.00
Dew Skin Tinted Moisturizer,Beautycounter,2606458,6,$12.50
Halo Healthy Glow Tinted Moisturizer Broad Spectrum SPF 25,Smashbox,2568502,10,$41.00
Moisture Surge Sheertint Hydrator Broad Spectrum SPF 25 Tinted Moisturizer,Clinique,2562139,7,$30.80
Hueguard Skin Tint SPF 50 Mineral Sunscreen Broad Spectrum,Live Tinted,2621475,8,$29.40
Travel Size BB Cream SPF 20,Erborian,2566318,7,$25.00
CC+ Cream Illumination SPF 50+,IT Cosmetics,2287681,8,$28.20
CC Red Correct Green Color Corrector SPF25,Erborian,2548341,9,$46.00
Radiant Skin Brightening Serum Skin Tint SPF 30,TULA,2598954,10,$42.00
Moisture Surge CC Cream Hydrating Colour Corrector Broad Spectrum SPF 30,Clinique,2258299,5,$30.80
Dream Pure BB Cream 8-in-1 Skin Perfector,Maybelline,2566272,6,$9.99
Magic Skin Beautifier BB Cream Anti-Redness,L'OrÃ©al,2275340,4,$12.99
Magic Skin Beautifier BB Cream Anti-Fatigue,L'OrÃ©al,2275341,4,$12.99
Instant Age Rewind Perfector 4-In-1 Whipped Matte Makeup,Maybelline,2590459,6,$1.50
Travel Size CC Cream SPF 25,Erborian,2566316,10,$25.00
Pretty Fresh Hyaluronic Acid Tinted Moisturizer,ColourPop,2561451,7,$15.00
CC+ Cream Natural Matte Foundation with SPF 40,IT Cosmetics,2621797,10,$28.20
Pure Radiant Tinted Moisturizer SPF 30,NARS,2504411,9,$46.00
CC Water with Hyaluronic Acid,Erborian,2579206,9,$46.00
STEM CELLULAR CC Cream SPF 30,Juice Beauty,2561330,7,$39.50
BB Blur Tinted Moisturizer Broad Spectrum SPF 30 Sunscreen,Tarte,2254185,11,$21.00
Camo Hydrating CC Cream SPF 30,e.l.f. Cosmetics,2617546,8,$15.00
Camo CC Cream,e.l.f. Cosmetics,2574676,6,$15.00
Continuous Correction Tone-Evening CC Cream SPF 50+,Dermablend,2581037,8,$28.70
Skin Trainer CC Blur,KIKO Milano,2595771,2,$16.10
Studio Secrets Magic Skin Beautifier B.B. Cream,L'OrÃ©al,2246835,3,$12.99
Clean Matte BB Cream,CoverGirl,2304774,8,$10.99
Alight Multi-Mineral BB Cream,Pacifica,2557064,2,$11.20
BB Cream with SPF 15,Burt's Bees,2306154,4,$14.99
Glow Time Pro BB Cream,jane iredale,2598524,7,$41.60
Beauty Balm Serum Boosted Skin Tint,Anastasia Beverly Hills,2621820,11,$42.00
Skin Feels Good Hydrating Tinted Moisturizer with SPF 23,LancÃ´me,2524132,7,$25.90
Strobe Dewy Skin Tint,MAC,2622240,6,$38.00
Amazonian Clay BB Tinted Moisturizer Broad Spectrum SPF 20,Tarte,2220120,4,$21.00
Maracuja Vegan Tinted Moisturizer,Tarte,2562236,11,$17.00
4-in-1 Tinted Moisturizer Broad Spectrum SPF 20,PÃR,2241131,7,$36.00
Hydromaniac Hydrating Dewy Foundation,Urban Decay Cosmetics,2567739,10,$24.50
Rosilliance Tinted Moisturizer Organic Sunscreen SPF 30,COOLA,2523612,6,$52.00
Tinted Moisturizer Light Revealer Natural Skin Illuminator Broad Spectrum SPF 25,Laura Mercier,2589680,11,$54.00
Water DrenchÂ Broad Spectrum SPF 45 Hyaluronic Sheer Tint Moisturizer,Peter Thomas Roth,2623408,7,$56.00
Skin Treat Poreless Tinted Moisturizer SPF 20,Tarte,2592227,8,$18.00
Pro Longwear Liquid Correcting Concealer,MAC,2510643,5,$31.00
We're Even Hydrating Longwear Concealer,FENTY BEAUTY by Rihanna,2618097,11,$30.00
Studio Fix 24-Hour Smooth Wear Fluid Correcting Concealer,MAC,2532166,3,$30.00
Futurist Soft Touch Brightening Skincealer Concealer,EstÃ©e Lauder,2618165,6,$30.40
Pro Fix Stick Color Correcting Concealers,NYX Professional Makeup,2617411,9,$9.00
Mineral Sunscreen Multi-Defense Fluid Tinted SPF 50+,AvÃ¨ne,2625801,7,$25.20
Tinted Moisturizer SPF 24,ULTA Beauty Collection,2623150,5,$9.60
Bare Focus Tinted Hydrator Tinted Skin Veil,Wet n Wild,2574779,5,$6.99
Glow Hydrating Skin Tint,Milani,2573972,10,$6.49
Mini Radiant Creamy Concealer,NARS,2569434,9,$15.00
Shape Tape Full Coverage Concealer,Tarte,2501208,11,$32.00
Lightweight HD Pro Creamy Concealer,L.A. Girl,2505332,2,$5.50
Travel Size BB Blur Tinted Moisturizer Broad Spectrum SPF 30 Sunscreen,Tarte,2578610,8,$18.00
CCC Clean Corrective with Vitamin C Tinted Moisturizer SPF 30,Honest Beauty,2571581,9,$27.00
NUDESCREEN Daily Mineral Veil SPF 30,NUDESTIX,2605942,7,$36.00
Dream Tint Tinted Moisturizer,jane iredale,2544951,7,$40.00
White Tea Tinted Moisturizer SPF 30,Winky Lux,2606735,6,$19.60
Illusion Hyaluronic Skin Tint,HOURGLASS,2575959,nan,$56.00
Boi-ing Cakeless Full Coverage Waterproof Liquid Concealer,Benefit Cosmetics,2548925,7,$27.00
Radiant Creamy Concealer,NARS,2504450,11,$32.00
Vanish Airbrush Concealer,HOURGLASS,2575916,10,$36.00
Shape Tape Ultra Creamy Concealer,Tarte,2575029,11,$32.00
Travel Size Shape Tape Full Coverage Concealer,Tarte,2554049,11,$15.00
Hydrating Camo Concealer,e.l.f. Cosmetics,2558525,7,$7.00
Bye Bye Under Eye Full Coverage Anti-Aging Waterproof Concealer,IT Cosmetics,2533871,9,$14.50
Soft Matte Complete Concealer,NARS,2603381,7,$32.00
Even Better All-Over Concealer + Eraser,Clinique,2567323,9,$22.40
Instant Age Rewind Eraser Dark Circle Treatment Concealer,Maybelline,2547762,6,$10.99
Teint IdÃ´le Ultra Wear All Over Concealer,LancÃ´me,2583109,11,$29.00
Hy-Glam Concealer,NATASHA DENONA,2608808,11,$30.00
Shape Tape Radiant Medium Coverage Concealer,Tarte,2610339,11,$32.00
Travel Size Shape Tape Ultra Creamy Concealer,Tarte,2575553,11,$15.00
Bye Bye Dark Spots Concealer + Serum,IT Cosmetics,2607706,10,$30.00
ORIGINAL Liquid Mineral ConcealerÂ,bareMinerals,2600322,8,$30.00
Forever Skin Correct Concealer,Dior,2605025,7,$40.00
Instant Age Rewind Instant Perfector 4-In-1 Glow Makeup,Maybelline,2596456,6,$13.99
I Am Magic Concealer,Juvia's Place,2551099,3,$14.00
Beyond Perfecting Powder Foundation + Concealer,Clinique,2291649,5,$28.00
Pro Filt'r Instant Retouch Concealer,FENTY BEAUTY by Rihanna,2592634,8,$30.00
Fit Me Natural Finish Concealer,Maybelline,2225219,7,$8.99
4-In-1 Love Your Selfie Longwear Foundation & Concealer,PÃR,2544510,8,$38.00
Infallible Full Wear Waterproof Concealer,L'OrÃ©al,2538192,6,$14.99
Boi-ing Industrial Strength Full Coverage Cream Concealer,Benefit Cosmetics,2509410,6,$24.00
Maracuja Creaseless Concealer,Tarte,2529984,11,$30.00
Magic Touch Medium to Full Coverage Concealer,Anastasia Beverly Hills,2584697,9,$29.00
HD Pro Corrector Concealer,L.A. Girl,2505288,2,$5.49
Filter Effect Soft Radiance Concealer,Morphe,2593388,6,$12.00
Well-Rested Eye Brightener Broad Spectrum SPF 20,bareMinerals,2124551,3,$27.00
Can't Stop Won't Stop 24HR Full Coverage Matte Concealer,NYX Professional Makeup,2538474,7,$9.50
16HR Camo Concealer,e.l.f. Cosmetics,2538873,5,$7.00
Bye Bye Redness Neutralizing Color-Correcting Concealer Cream,IT Cosmetics,2514627,7,$38.00
Conceal + Perfect 2-in-1 Foundation + Concealer,Milani,2519968,8,$8.39
Peeper Perfect Under-Eye Concealer,Winky Lux,2590489,6,$12.60
Nudies Tinted Blur Foundation Stick,NUDESTIX,2526852,10,$32.00
Skin Concealer Stick,BOBBI BROWN,2595312,8,$24.75
Care and Glow Hydrating Serum Concealer,LancÃ´me,2615607,9,$29.00
Colored Clay CC Undereye Corrector,Tarte,2276028,9,$30.00
LES BEIGES Water-Fresh Complexion Touch,CHANEL,2595874,2,$70.00
Beautiful Skin Medium to Full Coverage Radiant Concealer,Charlotte Tilbury,2619466,9,$33.00
Quickie 24HR Full-Coverage Waterproof Concealer,Urban Decay Cosmetics,2603341,10,$23.10
Pretty Fresh Hyaluronic Creamy Concealer,ColourPop,2561429,7,$9.00
Studio Fix Every-Wear All-Over Face Concealer Pen,MAC,2611018,8,$28.00
Conceal + Perfect Longwear Concealer,Milani,2546823,9,$7.69
Quick Fix Concealer Stick,Dermablend,2208888,6,$20.30
Travel Size Vanish Airbrush Concealer,HOURGLASS,2578997,10,$18.00
Skin Fetish: Sublime Perfection Blurring Under Eye Powder,PAT McGRATH LABS,2613832,5,$35.00
4-in-1 Sculpting Brightening Concealer,PÃR,2576925,9,$24.00
Real Flawless Weightless Perfecting Serum Concealer,Laura Mercier,2619193,11,$33.00
LE CORRECTEUR DE CHANEL Longwear Concealer,CHANEL,2585123,3,$45.00
Skin Full Coverage Longwear Concealer,BOBBI BROWN,2597153,9,$26.25
HUESKIN Serum Concealer,Live Tinted,2614727,7,$26.00
MegaGlo Makeup Stick Contour,Wet n Wild,2518198,2,$4.49
True Match Radiant Serum Concealer,L'OrÃ©al,2617261,6,$15.99
Correct and Perfect All-In-One Color Correcting Palette,Stila,2301052,7,$45.00
Born This Way Ethereal Light Illuminating Smoothing Concealer,Too Faced,2603644,11,$29.00
Boi-ing Bright On Brightening Undereye Concealer,Benefit Cosmetics,2591457,4,$27.00
Concealer Broad Spectrum SPF 20,bareMinerals,2124550,2,$27.00
Hy-Glam Correcting Concealer,NATASHA DENONA,2609431,9,$30.00
nan,nan,2510647,nan,nan
Hide & Peek Concealer,Morphe 2,2580929,5,$12.00
Sweetener Concealer,r.e.m. beauty,2598565,9,$24.00
Skin Treat Vegan Stick Concealer,Tarte,2590239,6,$29.00
Radiant Skin Brightening Serum Concealer,TULA,2612273,8,$32.00
Effacernes Waterproof Protective Undereye Concealer,LancÃ´me,2567727,5,$34.00
IRL Filter Finish Concealer,Revolution Beauty,2605173,10,$7.00
Shape Tape Conceal & Sculpt Duo,Tarte,2614529,9,$19.00
Skin Twin Creamy Concealer,Beautycounter,2606508,7,$8.50
Power Plush Longwear Concealer,KYLIE COSMETICS,2616197,11,$16.20
Highlighting & Concealing Pro Pencil,Anastasia Beverly Hills,2273167,6,$12.60
Pro Sculpt Concealer Palette,L.A. Girl,2611142,3,$12.99
Smoothers Moisturizing Concealer Stick,CoverGirl,2161014,8,$9.99
Keep Me Covered Concealer,Essence,2603009,3,$4.99
TruBlend Undercover Concealer,CoverGirl,2604790,9,$12.99
Travel Size Maracuja Creaseless Concealer,Tarte,2563085,11,$15.00
Bright Eyes! Under Eye Stick,Essence,2618288,7,$4.99
Eye Bright Concealer,Revolution Beauty,2574724,4,$5.00
Bio Correct Concealer,Well People,2569076,5,$22.00
Circle\Delete Concealer,jane iredale,2545045,3,$28.80
NUDEFIX Cream Concealer,NUDESTIX,2568586,6,$29.00
"Staysurance Water-Sealed, Zero Smudge Concealer",J.Cat Beauty,2555810,2,$5.39
Full Coverage Concealer,KIKO Milano,2581182,2,$9.45
DreamLit Glow Creamy Undereye Concealer,Pacifica,2604787,3,$11.20
Nothing To See Soft Matte Hydrating Creamy Concealer,WYN BEAUTY,2622364,8,$25.00
Get Real Serum Concealer,FLOWER Beauty,2607237,3,$12.00
Light Reflecting Eye Brightener,NARS,2609672,10,$34.00
LE CORRECTEUR DE CHANEL Longwear Colour Corrector,CHANEL,2585213,3,$45.00
Correction Concentrate Concealer,Pixi,2612669,3,$12.00
ColorStay Skin Awaken Concealer,Revlon,2590576,10,$13.29
Mini NUDEFIX Cream Concealer,NUDESTIX,2605952,8,$9.00
Light Illusion Full Coverage Concealer,FLOWER Beauty,2524996,2,$12.00
Universal Stick Concealer,KIKO Milano,2581428,3,$8.75
Active Light Under-Eye Concealer,jane iredale,2545120,3,$25.60
Travel Size The Original Photo Finish Smooth & Blur Oil-Free Primer,Smashbox,2588001,9,$16.00
One Step Correct Brightening & Correcting Primer,Stila,2568596,6,$36.00
Honestly Bright Eyes Tinted Eye Cream,Honest Beauty,2570957,4,$24.00
Stay Woke Concealer,UOMA Beauty,2593686,2,$12.50
Inner Glow Serum Concealer,ULTA Beauty Collection,2621060,6,$7.20
Clean Fresh Hydrating Concealer,CoverGirl,2561984,5,$11.99
Simply Ageless Triple Action Concealer,CoverGirl,2597532,8,$17.49
Complexion Crush Full Coverage Concealer,ULTA Beauty Collection,2617686,6,$7.20
PRO Soft Focus Longwear Concealer,LORAC,2558409,2,$24.00
I am Magic Mini Concealer,Juvia's Place,2587645,2,$5.00
nan,nan,2567559,nan,nan
nan,nan,2564447,nan,nan
Conceal To Reveal 3-in-1 Coverage Palette,Undone Beauty,2607952,7,$3.50
Unseen Sunscreen SPF 40,Supergoop!,2589386,8,$30.40
Blurring & Moisturizing Filter Primer,TULA,2580280,9,$38.00
Jelly Pop Dew Primer,e.l.f. Cosmetics,2614066,9,$10.00
Power Grip Primer,e.l.f. Cosmetics,2591795,8,$10.00
The Original Photo Finish Smooth & Blur Oil-Free Primer,Smashbox,2233964,9,$34.00
Vitamin Enriched Face Base Moisturizer & Primer with Vitamin C + Hyaluronic Acid,BOBBI BROWN,2583728,11,$51.75
The POREfessional Pore Minimizing Primer,Benefit Cosmetics,2219868,10,$35.00
Power Grip Primer + 4% Niacinamide,e.l.f. Cosmetics,2604932,9,$10.00
Hangover 3-In-1 Replenishing Primer & Setting Spray,Too Faced,2513749,6,$38.00
Mineral Mattescreen SPF 40,Supergoop!,2589388,8,$32.00
La Base Pro Oil-Free Longwear Makeup Primer,LancÃ´me,2235646,7,$45.00
All Nighter Face Makeup Primer,Urban Decay Cosmetics,2556532,6,$27.30
The POREfessional Pore Minimizing Primer Mini,Benefit Cosmetics,2274978,9,$15.00
Liquid Poreless Putty Primer,e.l.f. Cosmetics,2617744,9,$10.00
Supersize Blurring & Moisturizing Filter Primer,TULA,2580960,9,$60.00
Veil Mineral Primer,HOURGLASS,2572601,2,$58.00
Instant FIRMx No Filter Primer,Peter Thomas Roth,2603439,9,$42.00
"Hueguard 3-in-1 Mineral Sunscreen, Moisturizer, Primer SPF 30",Live Tinted,2588656,8,$34.00
Invisible UV Flawless Primer SPF 50,Charlotte Tilbury,2619504,8,$55.00
Skinperfect Primer SPF 30,Dermalogica,2247896,4,$59.00
Marshmellow Smoothing Face Primer,NYX Professional Makeup,2572969,6,$17.00
Photo Finish Control Mattifying Primer,Smashbox,2588008,11,$42.00
Plump Right Back Electrolytes Plumping Primer Serum,NYX Professional Makeup,2590545,10,$17.00
nan,nan,2620841,nan,nan
Your Skin But Better Makeup Primer+ Oil-Free,IT Cosmetics,2576557,5,$42.00
Even Better Pore Defying Primer,Clinique,2608125,9,$39.00
Plump & Prime Face Plumping Primer Serum,Too Faced,2568794,4,$48.00
Photo Finish Primerizer+ Hydrating Primer with Hyaluronic Acid,Smashbox,2588004,11,$42.00
Light Reflecting Hydrating Primer,NARS,2624149,10,$42.00
Pro Filt'r Hydrating Primer,FENTY BEAUTY by Rihanna,2592265,3,$36.00
Pores No More Pore Refiner Primer,Dr. Brandt,2244354,8,$38.40
PRIME TIME Original Pore-Minimizing Primer,bareMinerals,2605423,7,$31.00
Studio Fix Mattifine 12hr Shine Control Matte Primer,MAC,2587732,4,$36.00
Hangover Replenishing Face Primer,Too Faced,2276375,8,$42.00
Vanish Airbrush Primer,HOURGLASS,2592604,5,$58.00
Futurist Aqua Brilliance Watery Glow Primer,EstÃ©e Lauder,2568222,9,$36.80
Flawless Concealer,BLK/OPL,2578393,2,$6.57
Studio Radiance Moisturizing + Illuminating Primer,MAC,2593996,6,$36.00
Pro Filt'r Mattifying Primer,FENTY BEAUTY by Rihanna,2592269,3,$36.00
Line BlurFector Instant Wrinkle Blurring Primer,StriVectin,2521285,6,$39.00
Double Duty Beauty Base Tape Hydrating Primer,Tarte,2538321,8,$34.00
Pore Filler Blurring Face Primer,NYX Professional Makeup,2572967,6,$15.00
Instant Smooth Perfecting Touch Makeup Primer,Clarins,2200427,7,$40.00
Prep + Prime Fix+ Primer and Setting Spray,MAC,2510684,11,$34.00
Brightening Concealer,BLK/OPL,2597632,7,$6.57
Clean Matte Concealer,CoverGirl,2533545,4,$5.25
nan,nan,2579049,nan,nan
Timeless Smoothing Face Makeup Primer,Tarte,2276063,5,$42.00
Milk Primer SPF 35 3-in-1 Daily Defense Sunscreen & Makeup Perfecter,Beekman 1802,2577634,6,$30.00
Photo Finish Correct Anti-Redness Primer,Smashbox,2588006,10,$42.00
Prep + Prime Fix+ Primer and Setting Spray - Matte Finish,MAC,2527130,3,$34.00
nan,nan,2529475,nan,nan
PHYTO-PIGMENTS Illuminating Primer,Juice Beauty,2295555,5,$18.00
Poresaver Matte Makeup Primer,Dermablend,2551259,9,$24.50
PRIME TIME Hydrate & Glow Primer,bareMinerals,2605424,7,$31.00
Forever Glow Veil Makeup Primer,Dior,2611696,8,$50.00
Hy-Gen Energizing & Hydrating Primer Serum,NATASHA DENONA,2606196,8,$48.00
Poreless Mattifying Vegan Face Makeup Primer,Tarte,2507360,3,$34.00
Prep + Prime Skin,MAC,2510725,3,$36.00
Pure Canvas Primer Blurring,Laura Mercier,2622821,8,$46.00
Photo Finish Oil-Free Pore Minimizing Primer,Smashbox,2276581,7,$42.00
Face Tape Smoothing Primer,Tarte,2596680,9,$34.00
Underglow Blurring Subtle Glow Primer,ICONIC LONDON,2602140,9,$30.00
All Nighter Extra Glow Makeup Primer,Urban Decay Cosmetics,2567750,6,$27.30
Wonderglow Face Primer,Charlotte Tilbury,2619577,3,$55.00
Poreless Face Primer - Large,e.l.f. Cosmetics,2520944,4,$10.00
Travel Size One Step Correct Brightening & Correcting Primer,Stila,2513292,6,$22.00
Even Better Light Reflecting Primer,Clinique,2607978,14,$39.00
Travel Size Photo Finish Oil-Free Pore Minimizing Primer,Smashbox,2531518,7,$16.00
Smooth Affair Facial Primer & Brightener,jane iredale,2545118,4,$44.00
nan,nan,2528101,nan,nan
"Hello, Good Stuff! Glow Serum Primer",Essence,2597549,2,$5.99
PRIME TIME Redness Reducing Primer,bareMinerals,2605426,7,$31.00
nan,nan,2556822,nan,nan
Redness Solutions Daily Protective Base Broad Spectrum SPF 15 Primer,Clinique,2157844,5,$35.00
Prep + Prime Natural Radiance Primer,MAC,2510688,4,$46.00
Travel Size Hangover Replenishing Face Primer,Too Faced,2307398,8,$20.00
Photo Finish Illuminate Glow Primer,Smashbox,2588002,10,$42.00
Studio Perfect Color Correcting Primer in Green,NYX Professional Makeup,2226206,2,$14.00
Baby Skin Instant Pore Eraser Primer,Maybelline,2268948,4,$7.99
Pure Canvas Primer Illuminating,Laura Mercier,2622819,8,$46.00
Velvet Skin Coat Makeup Primer,DHC,2544346,6,$17.50
Superfood Glow Priming Moisturiser,ELEMIS,2577527,7,$43.50
Blot & Blur Matte Stick,NUDESTIX,2598342,9,$34.00
Bare With Me Aloe & Cucumber Extract Primer & Setting Spray,NYX Professional Makeup,2542640,3,$10.00
Anti-Wrinkle Miracle Worker+ Line Correcting Primer,Philosophy,2535877,7,$44.00
Brighten Up Smoothing Primer Gel,TULA,2561085,9,$34.00
Travel Size Photo Finish Correct Anti-Redness Primer,Smashbox,2588007,10,$16.00
Studio Perfect Face Primer in Clear,NYX Professional Makeup,2226205,2,$14.00
PRIME TIME Daily Protecting Primer Mineral SPF 30,bareMinerals,2605427,6,$31.00
Forever Velvet Veil Matte Primer,Dior,2611697,8,$50.00
Angel Veil Lightweight Skin Perfecting Vegan Primer,NYX Professional Makeup,2276419,4,$17.00
The POREfessional Lite Ultra-lightweight Face Primer,Benefit Cosmetics,2588477,10,$35.00
PREGAME Daily Protective Primer,Youthforia,2602250,10,$38.00
Skin Fetish: Sublime Perfection Primer,PAT McGRATH LABS,2613929,4,$38.00
Shine Killer Charcoal Infused Mattifying Primer,NYX Professional Makeup,2572977,5,$15.00
Travel Size Base Tape Hydrating Primer,Tarte,2552462,5,$18.00
Futurist Peptide-Power Serum Primer,EstÃ©e Lauder,2611275,8,$44.80
Honeydew Me Up Plumping Dewy Face Primer,NYX Professional Makeup,2572964,6,$17.00
Supercharged Dewy Skin Primer,Milani,2574046,4,$8.39
LA BASE ILLUMINATRICE Glowing Makeup Primer,CHANEL,2614632,3,$54.00
nan,nan,2613440,nan,nan
Retinol Face Stick with Encapsulated Retinol,Peace Out,2607968,8,$34.00
Hyaluronic Boost Primer Serum,ULTA Beauty Collection,2599421,3,$5.40
nan,nan,2580284,nan,nan
Jumbo Vanish Airbrush Primer,HOURGLASS,2610656,5,$75.00
No Makeup Instant Blur,Perricone MD,2541771,8,$59.00
nan,nan,2282890,nan,nan
Putty Primer Trio,e.l.f. Cosmetics,2571848,8,$10.00
nan,nan,2282888,nan,nan
Smooth Affair Illuminating Glow Face Primer,jane iredale,2585582,4,$44.00
Poreless Face Primer - Small,e.l.f. Cosmetics,2534876,4,$8.00
Matte Cream Mattifying & Blurring Primer,Erborian,2624329,5,$25.20
4-in-1 Correcting Primer Redness Reducer,PÃR,2531397,7,$34.00
Vegan Collagen Skin Solve Hydrating & Blurring Primer,Pacifica,2582149,4,$9.80
Prime Lab Up to 24H Pore Minimizer,L'OrÃ©al,2603537,7,$16.99
SPF BFF SPF30 Face Primer,Milani,2573978,5,$9.79
Banana Bright Illuminating Face Primer with Vitamin C,OLEHENRIKSEN,2617225,7,$40.00
The POREfessional Lite Ultra-lightweight Face Primer Mini,Benefit Cosmetics,2588476,9,$15.00
Tone Adjusting Face Primer,e.l.f. Cosmetics,2520963,4,$10.00
Equalizer Soft-Focus Foundation Primer,Morphe,2581142,2,$16.00
Jelly Grip Hydrating Primer,Essence,2625436,3,$5.99
Pro-Collagen Insta-Smooth Primer,ELEMIS,2577521,6,$63.00
Glowy Vitamin C Skin Solve Face Primer,Pacifica,2604781,2,$11.20
Prime Lab Up to 24H Redness Eraser,L'OrÃ©al,2603538,7,$16.99
Mini Hollywood Blush & Glow Palette,Charlotte Tilbury,2619555,8,$29.00
Rose Cheek Duo - Cream Blush and Highlighter,NATASHA DENONA,2608438,5,$20.00
Maneater Satin Blush Cheek Plump,Tarte,2617931,10,$29.00
Photo Finish Resurface Primer with Glycolic Acid,Smashbox,2621549,9,$42.00
Hydro Boost Glow Primer + Serum,Neutrogena,2570097,4,$19.99
Pink Primer & Care,Erborian,2572838,5,$25.20
Smooth Affair Mattifying Face Primer,jane iredale,2600210,6,$44.00
Prep+Brighten Rose Face Oil,Milani,2536451,3,$7.00
nan,nan,2579753,nan,nan
Travel Size Photo Finish Illuminate Glow Primer,Smashbox,2588003,10,$16.00
No Pore Zone Mattifying Face Primer,Milani,2573977,5,$8.39
Acne Fighting Putty Primer,e.l.f. Cosmetics,2582577,8,$12.00
Mini Pure Canvas Primer Blurring,Laura Mercier,2624822,8,$25.00
Lunar Magic Blurring Primer,r.e.m. beauty,2598605,4,$29.00
Lock-It Pore-Refining Primer,KVD Beauty,2604558,5,$34.00
Matte Putty Primer,e.l.f. Cosmetics,2558545,4,$10.00
Skin Quench Hydrating Face Primer,Milani,2573979,5,$8.39
Bright Maker Brightening Primer,NYX Professional Makeup,2583782,6,$7.00
Prime Lab Up to 24H Matte Setter,L'OrÃ©al,2603562,7,$16.99
Velvet Smooth Pore-Refining Primer,ICONIC LONDON,2623403,11,$29.00
Mind Over Matte-r Oil Blotting Stick,florence by mills,2613114,7,$13.30
Pore Filler Primer Targeted Blurring Stick,NYX Professional Makeup,2583801,6,$10.00
Moisturizing Primer Spray,ULTA Beauty Collection,2569353,4,$3.60
Stay Cool Primer Stick,e.l.f. Cosmetics,2622901,8,$7.00
Perfecting Blendrops SPF 40 Priming Drops,BeautyBio,2620681,7,$28.50
Pretty Fresh Hydrating Hyaluronic Acid Primer,ColourPop,2561410,4,$12.00
Simply Ageless Anti Aging Foundation Primer,CoverGirl,2218412,3,$17.49
On-Set Essentials: Primer + Setting Spray Trio,Smashbox,2606440,8,$34.00
All About The Blur Blurring & Smoothing Primer,Stila,2603688,6,$36.00
Travel Size NÂº 28 Primer Serum,HOURGLASS,2576209,nan,$24.00
Bright Side Illuminating Face Primer,Milani,2573980,5,$8.39
Supernova Celestial Skin Elixir,FLOWER Beauty,2533044,4,$18.50
Matte Face Base,KIKO Milano,2576111,nan,$12.60
nan,nan,2597881,nan,nan
Pore Blur Primer,Revolution Beauty,2542378,3,$8.00
Travel Size Photo Finish Resurface Primer with Glycolic Acid,Smashbox,2621550,9,$16.00
Hydrating Face Primer - Small,e.l.f. Cosmetics,2500464,4,$8.00
Illuminizing Blendrops SPF 40 Priming Drops,BeautyBio,2620685,7,$28.50
Blemish Control Face Primer,e.l.f. Cosmetics,2520969,4,$10.00
Pro Prep HD Face Primer,L.A. Girl,2504751,2,$6.00
Instant Finish Tinted Primer,L.A. Girl,2618824,3,$10.00
Brilliant Base Illuminating Primer,Dermablend,2595006,7,$24.50
Bio Brightener Priming Serum,Well People,2596721,5,$25.00
Skin Smoothie Radiant Glow Primer,FLOWER Beauty,2607234,2,$12.50
PhotoReady Rose Glow Face Mist,Revlon,2574548,6,$16.79
TruBlend Skin Enhancer Velvet Blur Primer,CoverGirl,2625953,9,$12.99
PRO Skin Glass Skin Primer,LORAC,2558400,2,$35.00
No Makeup Instant Blur Priming Moisturizer,Perricone MD,2614701,5,$59.00
All About Blur! Even Skin Balm,Essence,2618292,3,$4.99
Revolution PRO Blur Stick Universal Face Primer,Revolution Beauty,2547114,3,$15.00
Hydra Touch Centella Extract Infused Hydrating Primer,NYX Professional Makeup,2583783,6,$7.00
The POREfessional Pore Minimizing Primer Limited Edition,Benefit Cosmetics,2620847,10,$35.00
Dewy Barrier Hydrating Stick,NUDESTIX,2620590,7,$34.00
All About The Blur Instant Blurring Stick,Stila,2603689,8,$30.00
Dewy Canvas Prep Moisturizer + Primer,LORAC,2579579,5,$37.00
nan,nan,2602996,nan,nan
TruBlend Skin Enhancer Plush Plump Primer,CoverGirl,2625952,9,$12.99
Prime Focus Impossible Primer,Wet n Wild,2574457,3,$7.49
PRO Skin Mattifying Primer,LORAC,2558428,3,$35.00
Matte Veil Matte Face Primer,ULTA Beauty Collection,2617151,5,$10.80
Mattifying Face Primer,J.Cat Beauty,2509749,nan,$4.19
SkinLights Prismatic Bronzer,Revlon,2557078,4,$14.49
Murumuru Butter Bronzer Palette,Physicians Formula,2571845,5,$12.99
nan,nan,2584372,nan,nan
Luminous Putty Bronzer,e.l.f. Cosmetics,2604935,11,$7.00
CactiCali Make Up Starter Set,Petite n Pretty,2623911,6,$36.00
Photo Focus Face Primer,Wet n Wild,2518307,3,$6.99
nan,nan,2602997,nan,nan
C-Brightening Putty Primer,e.l.f. Cosmetics,2597546,8,$12.00
Pro Prep HD Color Correcting Face Primer,L.A. Girl,2566864,2,$6.99
Skin Smoothie Power Matte Primer,FLOWER Beauty,2607233,2,$12.50
Skin Smoothie Hydro Pop Primer,FLOWER Beauty,2607232,2,$12.50
TruBlend Skin Enhancer Sticky Grip Primer,CoverGirl,2625955,9,$12.99
Prime Focus Brightening Primer Serum,Wet n Wild,2589823,3,$8.49
nan,nan,2597882,nan,nan
All A Blur Pore-Perfecting Stick,Morphe 2,2604612,8,$13.00
PhotoReady Rose Glow Face Gloss,Revlon,2574503,7,$16.79
Prime & Glow Face Illuminator Licorice Extract Pink,J.Cat Beauty,2564795,nan,$4.79
nan,nan,2604782,nan,nan
Blush,BOBBI BROWN,2615813,7,$27.00
DreamStick Cream Blush,Persona,2600659,5,$26.00
Fit Me Blush,Maybelline,2510253,4,$7.49
nan,nan,2606445,nan,nan
Studio Perfect Color Correcting Primer in Lavender,NYX Professional Makeup,2226207,2,$14.00
Erase Base Blemish Control Primer,Milani,2605151,6,$9.09
Colour Correct Primer,Revolution Beauty,2542387,3,$8.00
Red Rescue Color Correcting Face Primer,ULTA Beauty Collection,2617158,5,$10.80
Hydrate Primer,Revolution Beauty,2542376,3,$8.00
Angel Aura Face Serum Primer,NABLA,2601537,7,$30.00
Instant Skin Brightening Tone-Up H2O Shield Primer,J.Cat Beauty,2594562,2,$8.99
"Hello, Good Stuff! Skin Refining Primer",Essence,2597534,nan,$5.99
Cool & Glow Face Primer,ULTA Beauty Collection,2623137,4,$10.80
THE GIRLFRIEND - Skincare + Makeup Primer,THE ROUTE,2558183,7,$50.00
Buttermelt Pressed Powder Blush,NYX Professional Makeup,2624632,10,$10.00
Blurring Putty Primer - Poreless,L.A. Girl,2619159,7,$9.00
Prime Time Makeup Primer Spray,J.Cat Beauty,2526409,nan,$4.79
nan,nan,2604013,nan,nan
Prime Lab Up to 24H Dullness Reducer,L'OrÃ©al,2603539,7,$16.99
Trippin Smooth Primer,UOMA Beauty,2597862,7,$14.50
Travel Size Matte Cream Mattifying & Blurring Primer,Erborian,2624580,3,$20.50
Liquid Lip Blush & Cheek Tint,Benefit Cosmetics,2547730,9,$26.00
Limited Edition Pop Lip + Cheek Oil in Black Honey,Clinique,2626706,9,$27.00
Good To Go Mini Mix Face Palette,Ofra Cosmetics,2620022,6,$39.00
nan,nan,2620472,nan,nan
Glow Seeker Powder Highlighter,Anastasia Beverly Hills,2615256,8,$38.00
Infallible Up to 24H Highlighter,L'OrÃ©al,2625515,7,$15.99
Prime & Glow Face Illuminator Coconut Extract Blue,J.Cat Beauty,2564796,nan,$4.79
nan,nan,2538316,nan,nan
Supernova Celestial Priming Whip,FLOWER Beauty,2594849,4,$17.00
The POREfessional Matte Pore Minimizing Primer,Benefit Cosmetics,2628402,8,$35.00
nan,nan,2527755,nan,nan
Camo Liquid Blush,e.l.f. Cosmetics,2617738,8,$7.00
Blush,NARS,2621261,11,$34.00
Blushed Duo,Juvia's Place,2583745,6,$18.00
Huephoric Rush 3-in-1 Silk Blush,Morphe,2625272,9,$15.00
On-the-Glow Blush Tinted Moisture Stick,Pixi,2598116,7,$18.00
Baked Blush - Radiant Powder Blush,Milani,2519994,7,$7.69
Mineralize Powder Blush,MAC,2519160,6,$34.00
WANDERful World Silky-Soft Powder Blush Mini,Benefit Cosmetics,2595635,7,$18.00
Cheek Pop Blush,Clinique,2271486,7,$30.00
Powder Blush,MAC,2510860,2,$30.00
Afterglow Liquid Blush,NARS,2617037,8,$32.00
Highlight & Contour Pro Face Palette,NYX Professional Makeup,2284091,3,$25.00
Illuminator Liquid Shimmer Highlighter Drops,ICONIC LONDON,2536943,8,$40.00
Your Most Beautiful You Anti-Aging Face Palette,IT Cosmetics,2264091,2,$42.00
Conceal & Define Full Coverage Concealer,Revolution Beauty,2536471,2,$7.00
Shape Tape Glow Blush Bar,Tarte,2622622,8,$49.00
Cheeks Out Freestyle Cream Blush,FENTY BEAUTY by Rihanna,2592449,8,$26.00
Glow Play Cushiony Blush,MAC,2626256,5,$34.00
What A Tint! Lip & Cheek Tint,Essence,2603018,5,$4.99
Amazonian Clay 12-Hour Blush,Tarte,2618995,9,$30.00
Blurring Serum Blush,Anastasia Beverly Hills,2624270,10,$25.00
Matte Beauty Blush Wand,Charlotte Tilbury,2619515,7,$42.00
Blush Tape Liquid Blush,Tarte,2610305,11,$36.00
"The Multiple Cream Blush, Lip and Eye Stick",NARS,2503563,7,$39.00
GEN NUDE Highlighting Blush,bareMinerals,2611433,9,$29.00
Sunkisser Multi-Use Liquid Blush,Maybelline,2624893,6,$11.99
Chubby Stick Cheek Colour Balm Blush,Clinique,2276489,4,$30.00
Pressed Powder Blush,ColourPop,2609193,9,$12.00
Lumi Le Liquid Blush,L'OrÃ©al,2625628,7,$14.99
Cheek To Chic Blush,Charlotte Tilbury,2619322,4,$42.00
Blushing Blush Powder Blush,Clinique,2153764,3,$31.00
Glow with Confidence Sun Cream Blush,IT Cosmetics,2621808,9,$34.00
Cheeky Rose Liquid Blush,Winky Lux,2618682,5,$13.30
Cotton Candy Skies Midi Palette,Ofra Cosmetics,2620021,5,$35.00
COMPLEXION RESCUE Liquid Highlighting Blush,bareMinerals,2623838,11,$28.00
Blushed Liquid Blush,Juvia's Place,2609909,9,$18.00
Polite Pops Powder Blush Stick,Polite Society,2620618,10,$28.00
NUDIES MATTE All Over Face Blush Color,NUDESTIX,2584256,9,$35.00
Soft-Pressed Powder Blusher,Clinique,2223180,4,$31.00
Monochromatic Multi-Stick,e.l.f. Cosmetics,2614086,4,$5.00
GEN NUDE BLONZER Blush + Bronzer,bareMinerals,2594966,7,$29.00
Just Kissed Lip and Cheek Stain,jane iredale,2544987,2,$25.60
Blush & Bronze Hydro-Blur Cheek Duo,Stila,2617460,9,$32.00
Hot Shot Blush Drops,Morphe,2627537,10,$14.00
BYO BLUSH Color Changing Blush Oil,Youthforia,2602248,11,$36.00
Powder Blush Palette,e.l.f. Cosmetics,2535584,3,$9.00
Maneater Blush & Glow Cheek Plump,Tarte,2586348,8,$29.00
LES BEIGES Water-Fresh Blush,CHANEL,2595875,3,$52.00
nan,nan,2567767,nan,nan
Superdewy Liquid Blush,Revolution Beauty,2583413,2,$7.00
nan,nan,2624663,nan,nan
Butter Dream Team Palette,Physicians Formula,2593962,9,$18.99
Sweet Cheeks Soft Cheek Tint Blush,NYX Professional Makeup,2565838,5,$9.50
Unlimited Blush,KIKO Milano,2595747,2,$9.80
Cheek Squad Cream Face Trio,ULTA Beauty Collection,2599123,4,$9.60
Cheek Freak Blush Balm,about-face,2599827,5,$18.00
Gel Crush Lip & Cheek,FLOWER Beauty,2597110,5,$11.50
Cream to Powder Blurring Blush Stick,ICONIC LONDON,2623456,9,$26.00
Bright Light Blush Drops,Revolution Beauty,2625731,10,$12.00
Luminous Putty Blush,e.l.f. Cosmetics,2601104,6,$7.00
Wonder Stick Cream Blush Contour Stick,NYX Professional Makeup,2595212,8,$14.00
PRO Contour Palette with Contour Brush,LORAC,2288835,4,$45.00
Cloud Crush Blurring Blush,Too Faced,2603637,7,$31.00
Blush Subtil Oil-Free Powder Blush,LancÃ´me,2235623,2,$34.00
Glowing Cheeks Blush & Highlight Duo,Tarte,2622793,8,$24.00
Pot Rouge Blush for Lips & Cheeks,BOBBI BROWN,2583677,5,$27.00
GEN NUDE Powder Blush,bareMinerals,2599451,3,$29.00
Cream Stick Blush with Brush Applicator,Anastasia Beverly Hills,2583309,5,$32.00
Blushed Liquid Blushlighter,Juvia's Place,2618633,7,$18.00
NÂ°1 DE CHANEL Lip and Cheek Balm,CHANEL,2589667,3,$48.00
Cheek Kiss Cream Blush,Milani,2573984,7,$7.69
Hypernova Satin Matte Blush,r.e.m. beauty,2613119,7,$20.00
"All-Inclusive Eye, Cheek & Face Palette",Milani,2590468,5,$11.89
Ambient Lighting Blush,HOURGLASS,2575935,4,$46.00
Hydrating Blush Stix,ColourPop,2550458,8,$10.00
Blush Color Infusion,Laura Mercier,2560026,6,$37.00
Powder Blush Stick,KYLIE COSMETICS,2623998,9,$26.00
Rouge Blush,Dior,2612232,9,$45.00
nan,nan,2567618,nan,nan
Dandelion Twinkle Soft Nude-Pink Powder Highlighter Mini,Benefit Cosmetics,2595645,5,$18.00
Bye Bye Pores Blush,IT Cosmetics,2514621,4,$29.00
nan,nan,2606449,nan,nan
NUDIES BLOOM All Over Dewy Face Color,NUDESTIX,2585202,11,$35.00
Plump Shot Collagen Peptides Advanced Plumping Cream Blush,Buxom,2618550,10,$28.00
Eclipse Cheek & Lip Stick,r.e.m. beauty,2595436,5,$12.00
Quad Goals Multi-Palette,Morphe 2,2585074,5,$16.00
Rose Powder Blush,Milani,2529585,6,$7.69
Value Size Liquid Lip Blush & Cheek Tint,Benefit Cosmetics,2620380,9,$35.00
Baby Got Blush,Essence,2603000,6,$4.99
Convertible Color Lip & Cheek Cream Blush,Stila,2153892,9,$25.00
PurePressed Blush,jane iredale,2596240,6,$25.60
nan,nan,2620489,nan,nan
Berry Pop Cheek Trio,NATASHA DENONA,2620853,11,$48.00
Good Apple Blush Balm Duo,KVD Beauty,2621127,9,$34.00
nan,nan,2592765,nan,nan
Primer-Infused Blush,e.l.f. Cosmetics,2538875,2,$7.00
Perk Up Cheek & Lip Color,Morphe 2,2585069,3,$12.00
Ambient Strobe Lighting Blush,HOURGLASS,2575861,nan,$46.00
Baby Got Blush Liquid Blush,Essence,2625489,6,$5.99
Blush with Vitamin E,Burt's Bees,2518244,6,$9.99
Baby Nude Skin 2-PC NUDIES Kit,NUDESTIX,2568578,5,$47.00
RoseGlow Blush Color Infusion,Laura Mercier,2599543,8,$37.00
Gel Color Lip + Cheek Balm,NUDESTIX,2508135,7,$12.00
Sweet & Sunny Cheeks 2-Piece NUDIES Kit,NUDESTIX,2605949,5,$47.00
Blush Bomb Color Drops,FLOWER Beauty,2533034,2,$11.50
Color Source Buildable Blush,LORAC,2296926,2,$23.00
Blush Bomb Cream Blusher,Revolution Beauty,2607064,4,$9.00
Go Flush Yourself Blush & Highlight Face Palette,Polite Society,2615144,11,$39.00
Playdate Glow Multi-Use Cheek + Lip,af94,2619244,3,$7.20
Ultralight Liquid Blush,FLOWER Beauty,2617300,4,$14.50
Silky Tint Creamy Multitasking Stick,PÃR,2620460,11,$26.00
Blush-Mallow Soft Blusher,J.Cat Beauty,2564789,3,$2.99
JOUES CONTRASTE Powder Blush,CHANEL,2579895,3,$52.00
Lip & Cheek Glow,Charlotte Tilbury,2619522,4,$40.00
Cheek Kiss Liquid Blush,Milani,2557340,8,$7.69
Skin Fetish Divine Blush,PAT McGRATH LABS,2613913,6,$39.00
Pure Nude Baked Blush,nan,2603025,3,$5.99
My Mini Dream Glow Blush,NATASHA DENONA,2620729,7,$20.00
Flower Pots Powder Blush,FLOWER Beauty,2596333,6,$11.50
Divine Cream Blush: Legendary Glow Colour Balm,PAT McGRATH LABS,2613842,6,$29.00
True Match Super Blendable Blush,L'OrÃ©al,2114143,4,$12.99
100% Natural All Aglow Lip & Cheek Stick,Burt's Bees,2537402,6,$12.99
Blush Crush!,Essence,2625486,4,$3.99
Intense Matte Lip + Cheek Pencil,NUDESTIX,2508147,8,$12.00
"My Dream Cheek Trio - Cream Blush, Glow Cream Base and Glow Powder Highlighter",NATASHA DENONA,2606185,6,$48.00
Cheek Kiss Cream Blush Trio,Milani,2590469,6,$9.79
Powder Blush,Revlon,2501393,9,$13.29
Supercharged Cheek + Lip Multistick,Milani,2574037,4,$6.99
Unconditional Mini Mix Face Palette,Ofra Cosmetics,2620023,9,$39.00
Sheer Blush Natural Cream Blusher,ICONIC LONDON,2563077,10,$27.00
Cheeky Rose Cream Blush,Winky Lux,2578873,4,$14.00
Blush Beam Cream Blush,ULTA Beauty Collection,2603445,3,$3.60
Super Blush,Persona,2596550,5,$22.00
Just Blushing Powder,L.A. Girl,2505272,2,$6.00
Sweet Cheeks Creamy Powder Blush (Matte),NYX Professional Makeup,2559859,3,$7.50
Blusher Reloaded,Revolution Beauty,2547124,3,$7.00
Love Struck Blusher + Bronzer,J.Cat Beauty,2296116,nan,$2.99
9021-Glow! Eye & Cheek Palette,Petite n Pretty,2555892,7,$26.00
Halo Sheer To Stay Cream Cheek + Lip Tint,Smashbox,2598375,9,$28.00
Beetroot Cheek & Lip Tint,Ere Perez,2588787,7,$30.00
Good To Go Mini Mix Face Palette,Ofra Cosmetics,2620022,6,$39.00
Pyramid Pigments Cheek Color,FLOWER Beauty,2565022,3,$13.00
Roseglow Highlighting Powder,Laura Mercier,2584989,4,$37.00
WhimsiCali Eye & Cheek Palette,Petite n Pretty,2584994,6,$26.00
Vintage Lace Blush Palette,Revolution Beauty,2547121,4,$12.00
No Makeup Gel-Cream Blush,Perricone MD,2541775,5,$39.00
Butter Believe it! Blush,Physicians Formula,2592826,3,$12.99
Puff Paint Liquid Blush,NATASHA DENONA,2606193,4,$24.00
nan,nan,2592764,nan,nan
Playdate Multi-Use Cheek + Lip Color,af94,2619236,5,$7.20
Mood Glow Color Shifting pH Blush Balm,Pacifica,2611591,8,$12.60
Velvet Contour Stick Blush,L.A. Girl,2614395,3,$5.99
nan,nan,2615423,nan,nan
Everlasting Refillable Blush,KVD Beauty,2571837,6,$29.50
ModCon Liquid-Gel Blush,KVD Beauty,2580294,5,$29.50
Cheek Dew Hydrating Serum Blush,ColourPop,2592762,6,$8.00
Hoola Matte Powder Bronzer Mini,Benefit Cosmetics,2595641,11,$19.00
Hoola Matte Powder Bronzer,Benefit Cosmetics,2595640,10,$36.00
Ambient Lighting Palette,HOURGLASS,2572721,nan,$70.00
Clay Play To-Go Cheek Palette,Tarte,2596620,6,$14.50
Velvet Touch Creamy Stick Blush,KIKO Milano,2576104,2,$9.80
Loose Mineral Blush,bareMinerals,2599467,4,$26.00
Infallible 24H Fresh Wear Soft Matte Blush,L'OrÃ©al,2610772,6,$11.19
nan,nan,2567766,nan,nan
Extra Dimension Hybrid Cream Powder Blush,MAC,2510923,6,$34.00
NUDIES Matte + Glow Core All Over Face Blush Color,NUDESTIX,2613360,11,$30.00
Cheek Fluff Soft Blur Cream Blush,HALF MAGIC,2611505,4,$16.10
Butter Glow Bronzer & Blush - Healthy Glow,Physicians Formula,2620546,6,$15.99
CrÃ¨me Cheek Blush,Honest Beauty,2587752,9,$14.00
Tinted Moisturizer Cream Blush,Laura Mercier,2594667,6,$32.00
nan,nan,2609225,nan,nan
nan,nan,2593140,nan,nan
Glow Time Blush Stick,jane iredale,2583449,7,$32.00
2 In 1 Piece Of Cake Blush + Highlighter,J.Cat Beauty,2619754,2,$5.39
Huestick Multistick,Live Tinted,2588688,6,$26.00
Matte Monoi Butter Blush,Physicians Formula,2592825,6,$12.99
Complete Harmony Lip & Cheek Stick,Stila,2563327,6,$28.00
Skin Perfecting Powder Blushing Act Matte Blush,PÃR,2560675,6,$26.00
Carrot Colour Pot,Ere Perez,2588778,10,$31.00
Electric Glow Colour Changing Lip & Cheek Oil,Essence,2611070,5,$4.99
CactiCali Make Up Starter Set,Petite n Pretty,2623911,6,$36.00
Bronze Goddess Powder Bronzer,EstÃ©e Lauder,2583108,9,$44.80
Travel Size Amazonian Clay Waterproof Bronzer,Tarte,2554638,7,$16.00
Bronze + Glow Drops with Niacinamide,First Aid Beauty,2620682,8,$21.00
Multi-Use Lip and Cheek Cream Palette,ICONIC LONDON,2608766,4,$24.50
Fluffy Blushy,Pacifica,2591366,5,$7.70
Flushed Powder Blush,ULTA Beauty Collection,2617180,9,$6.60
Bienvenidos A Miami Mini Mix Face Palette,Ofra Cosmetics,2620024,8,$42.00
nan,nan,2580766,nan,nan
nan,nan,2625086,nan,nan
Laguna Bronzing Cream,NARS,2595858,5,$40.00
Bye Bye Pores Bronzer,IT Cosmetics,2527643,4,$36.00
"All-Inclusive Eye, Cheek & Face Palette",Milani,2590468,5,$11.89
Blush & Bronze Hydro-Blur Cheek Duo,Stila,2617460,9,$32.00
Two Reasons Blush Duo,NABLA,2616732,nan,$27.00
Effervescence Extra Dimension Face Compact,MAC,2601094,5,$30.80
Hot Shot Sun Drops,Morphe,2627543,10,$16.00
Natural-Looking Matte Powder Bronzer,Anastasia Beverly Hills,2523785,5,$28.00
MVP: Most Versatile Pigment Multifunction Lip & Cheek Color,WYN BEAUTY,2622299,7,$12.00
Cheek Kiss Cream Bronzer,Milani,2617876,8,$9.09
Cheeky Pop Blush Stick,florence by mills,2613108,8,$12.60
Strawberry Jam Blush,Physicians Formula,2594989,10,$12.99
Silk Glow Duo Blush & Highlight Gel-Powders,ICONIC LONDON,2594948,10,$39.00
Maneater Silk Stick Blush,Tarte,2610303,9,$29.00
Sheer Cheek Gel,Pixi,2583892,5,$14.00
Dream Land Makeup Starter Set,Petite n Pretty,2616526,6,$36.00
TruBlend So Flushed High Pigment Blush,CoverGirl,2566086,6,$11.99
Bronzer Powder,BOBBI BROWN,2615774,9,$35.25
Rice Powder Blush Duo,Ere Perez,2588777,7,$40.00
Blush Trio Palette,ULTA Beauty Collection,2620169,8,$9.60
Buttermelt Pressed Powder Natural Finish Bronzer,NYX Professional Makeup,2623793,10,$10.00
ALL-OVER FACE COLOR Loose Bronzer,bareMinerals,2207054,7,$26.00
Chocolate Soleil Matte Bronzer,Too Faced,2526288,5,$38.00
Amazonian Clay Waterproof Bronzer,Tarte,2220039,9,$32.00
Sun & Done Smooth-Gliding Bronzer Stick,Morphe 2,2618540,10,$12.00
Sculpt & Glow Baked Face Palette,ULTA Beauty Collection,2617768,6,$9.60
9021-Glow! Cheek & Highlighter Duo,Petite n Pretty,2555734,4,$18.00
MegaGlo Blushlighter,Wet n Wild,2559287,4,$7.49
Soft Matte Cream Blush,L.A. Girl,2592097,2,$6.00
Baby Got Bronze Bronzing Stick,Essence,2610788,6,$4.99
Matte Contour and Sculpt Cream Bronzer,Anastasia Beverly Hills,2583192,5,$35.00
Laguna Bronzer Powder Talc-Free,NARS,2608918,7,$40.00
Butter Bronzer Murumuru Butter Bronzer,Physicians Formula,2294340,9,$15.99
On-the-Glow Bronze Tinted Moisture Stick,Pixi,2604780,5,$18.00
Key Largo Glow Drops,Tarte,2618997,11,$35.00
Sun Bunny Natural Bronzer,Too Faced,2526210,6,$38.00
Mini Filmstar Bronze & Glow,Charlotte Tilbury,2619620,4,$29.00
Pink Blush & Nude Bronze 2 Piece Mini Kit,NUDESTIX,2609683,6,$24.00
Pure Color Envy Sculpting Blush Refill,EstÃ©e Lauder,2593752,2,$24.00
Megaglo Makeup Stick,Wet n Wild,2620918,3,$4.49
Double Take Skin Perfection Blush Duo,UOMA Beauty,2600950,3,$12.50
nan,nan,2604018,nan,nan
Dior Forever Natural Bronzer,Dior,2604293,4,$50.00
Butter Dream Team Palette,Physicians Formula,2593962,9,$18.99
Sun Stalk'r Instant Warmth Bronzer,FENTY BEAUTY by Rihanna,2592467,9,$35.00
LES BEIGES Healthy Glow Bronzing Cream,CHANEL,2570348,3,$60.00
Beautiful Skin Sun-Kissed Glow Cream Bronzer,Charlotte Tilbury,2619295,9,$58.00
Bronzed Duo,Juvia's Place,2583490,3,$20.00
Airbrush Matte Bronzer,Charlotte Tilbury,2619611,8,$58.00
Blushful Mini Mix Face Palette,Ofra Cosmetics,2620020,2,$39.00
Amazonian Clay Matte Waterproof Bronzer,Tarte,2500762,7,$16.00
True Bronze Pressed Powder Bronzer,Clinique,2153824,5,$44.00
NUDIES MATTE All Over Face Bronze Color,NUDESTIX,2560756,10,$35.00
Bronzed Cream Bronzer,Juvia's Place,2614997,4,$18.00
Ambient Lighting Bronzer,HOURGLASS,2575906,2,$58.00
Skinfinish Sunstruck Matte Bronzer Powder,MAC,2609356,8,$35.00
Silky Matte Bronzing Powder,Milani,2539464,9,$8.39
Bright Light Bronzing Drops,Revolution Beauty,2625727,10,$12.00
Butter Glow Bronzing Serum - Sunkissed Glow,Physicians Formula,2620545,6,$16.99
Cheek Squad Cream Face Trio,ULTA Beauty Collection,2599123,4,$9.60
Conceal + Perfect Sun Kissed Liquid Bronzing Drops,Milani,2626358,10,$11.89
Nudies All Over Face Color - Glow,NUDESTIX,2584257,10,$35.00
DreamStick Cream Bronzing Multi-Stick,Persona,2584178,7,$26.00
Hoola Matte Powder Bronzer Jumbo,Benefit Cosmetics,2624547,8,$58.00
Laguna Ultimate Face Palette,NARS,2624147,8,$59.00
Bronze Stix,ColourPop,2616836,8,$10.00
Skinfinish Sunstruck Radiant Bronzer Powder,MAC,2609362,8,$35.00
Mini Laguna Bronzer Powder Talc-Free,NARS,2608928,4,$19.00
nan,nan,2584043,nan,nan
Cheeky Rose Liquid Sculpt,Winky Lux,2618624,5,$13.30
Sunny Glow Bronzing Drops Complexion Enhancer,Pacifica,2617752,8,$11.20
Your Most Beautiful You Anti-Aging Face Palette,IT Cosmetics,2264091,2,$42.00
nan,nan,2592463,nan,nan
Primer-Infused Bronzer,e.l.f. Cosmetics,2538897,2,$7.00
Butter Glow Contour Wand,Physicians Formula,2622620,5,$13.49
Hypernova Satin Matte Bronzer,r.e.m. beauty,2620471,6,$25.00
Instant Sunshine Bronzing Drops,ICONIC LONDON,2623455,9,$28.00
Shape Tape Glow Bronzer,Tarte,2596914,10,$18.00
nan,nan,2592764,nan,nan
Skin Bronzing,NABLA,2570081,3,$13.50
Supernatural Stick Bronzer,Well People,2596720,7,$22.00
nan,nan,2623893,nan,nan
Symphony Face Obsession,J.Cat Beauty,2540734,2,$7.19
Skin Fetish: Divine Bronzer,PAT McGRATH LABS,2613920,5,$39.00
Butter Glow Liquid Bronzer,Physicians Formula,2605867,5,$15.99
Putty Bronzer,e.l.f. Cosmetics,2582203,6,$7.00
Chubby Stick Sculpting Contour,Clinique,2282741,3,$32.00
Tinted Moisturizer Cream Bronzer,Laura Mercier,2608653,9,$32.00
Good Apple Bronze + Sculpt Balm Duo,KVD Beauty,2621132,6,$36.00
Clean Fresh Radiant Loose Powder Bronzer,CoverGirl,2615729,10,$10.99
Pink Blush & Nude Bronze 2 Piece Mini Kit,NUDESTIX,2609683,6,$24.00
PureBronze Shimmer Bronzer Refill,jane iredale,2611717,5,$38.40
Ultra Cream Bronzer,Revolution Beauty,2597580,5,$8.00
Supercharged Bronzer Multistick,Milani,2581806,2,$6.99
Mini Bronze & Glow,NATASHA DENONA,2608437,4,$20.00
Bronzer Palette,e.l.f. Cosmetics,2500443,3,$9.00
Flawless Fusion Bronzer Powder,KIKO Milano,2575986,2,$11.90
Sun Club Matt Bronzing Powder Palette,Essence,2558440,7,$9.99
Sun Club Matt Bronzing Powder,Essence,2232176,4,$4.99
Heatwave Luminous Bronzer,FLOWER Beauty,2587386,2,$12.50
nan,nan,2592765,nan,nan
Sheer Bronze Natural Cream Bronzer,ICONIC LONDON,2584751,9,$27.00
Sun Club Luminous Bronzing Powder,Essence,2558606,nan,$4.99
TANtalizer Buildable Bronzing Powder,LORAC,2511304,nan,$32.00
Baby Nude Skin 2-PC NUDIES Kit,NUDESTIX,2568578,5,$47.00
nan,nan,2604018,nan,nan
Oh My Glow Cream Bronzer,ULTA Beauty Collection,2578118,6,$7.20
Matte Monoi Butter Bronzer,Physicians Formula,2574300,4,$15.99
Mega Bronzer,Revolution Beauty,2570436,1,$8.00
nan,nan,2537789,nan,nan
Bronzer Reloaded,Revolution Beauty,2547120,3,$7.00
Sweet & Sunny Cheeks 2-Piece NUDIES Kit,NUDESTIX,2605949,5,$47.00
Butter Dream Team Palette,Physicians Formula,2593962,9,$18.99
Symphony Face Obsession,J.Cat Beauty,2540734,2,$7.19
Sun Dreams Creamy Bronzer & Contour,Pacifica,2597876,2,$16.00
It Takes 2 Bronzer Highlight Duo,af94,2619276,3,$7.20
Velvet Contour Bronzer Stick,L.A. Girl,2614389,3,$5.99
Mineral Wear Diamond Bronzer,Physicians Formula,2620793,6,$15.99
Oh My Glow Baked Bronzer,ULTA Beauty Collection,2617493,6,$7.20
nan,nan,2580624,nan,nan
Rice Powder Bronzer Duo,Ere Perez,2588774,8,$40.00
Super Shock Highlighter,ColourPop,2527703,5,$9.00
Blushed Liquid Blushlighter,Juvia's Place,2618633,7,$18.00
Sunset Daze Bronzing Drops,L.A. Girl,2626753,2,$11.00
Faux Glow Matte Bronzer,ULTA Beauty Collection,2617683,5,$6.00
Sunset Daze Matte Duo Bronzer,L.A. Girl,2626754,2,$9.00
nan,nan,2578724,nan,nan
Dior Forever Luminizer,Dior,2604216,6,$50.00
Chubby Stick Sculpting Highlight,Clinique,2282790,5,$32.00
Match Stix Shimmer Skinstick,FENTY BEAUTY by Rihanna,2592600,7,$32.00
Ambient Lighting Palette Volume II,HOURGLASS,2579001,4,$70.00
LES BEIGES Sheer Healthy Glow Highlighting Fluid,CHANEL,2570349,3,$54.00
Forever Glow Maximizer Longwear Liquid Highlighter,Dior,2622873,6,$45.00
Demi'Glow Light-Diffusing Highlighter,FENTY BEAUTY by Rihanna,2618106,8,$40.00
BAUME ESSENTIEL Multi-Use Glow Stick,CHANEL,2568235,3,$48.00
Golden Highlighter Trio,NATASHA DENONA,2624346,11,$55.00
Beauty Highlighter Wand,Charlotte Tilbury,2619318,7,$42.00
Forever Glow Star Filter Multi-Use Highlighter - Complexion Enhancing Fluid,Dior,2622884,7,$55.00
Killawatt Freestyle Highlighter,FENTY BEAUTY by Rihanna,2592606,5,$40.00
Shimmering Baked Highlighter,Ofra Cosmetics,2527220,5,$35.00
Jumbo Multi-Use Highlighter Stick,NYX Professional Makeup,2609538,10,$8.00
Double Take Bronzer,UOMA Beauty,2600961,3,$12.50
Nudies All Over Face Color - Glow,NUDESTIX,2584257,10,$35.00
Skin Color Corrector Stick,BOBBI BROWN,2595289,6,$26.25
HD Pro Corrector Concealer,L.A. Girl,2505288,2,$5.49
Lowlight Liquid Contour,FLOWER Beauty,2607268,3,$14.50
MegaGlo Dual-Ended Contour Stick,Wet n Wild,2518350,2,$6.99
Boi-ing Cakeless Full Coverage Waterproof Liquid Concealer,Benefit Cosmetics,2548925,7,$27.00
Clay Play Face Shaping Palette Vol. 2,Tarte,2522808,8,$26.00
Ultra Contour Palette,Revolution Beauty,2299874,4,$10.00
ModCon Liquid-Gel Contour,KVD Beauty,2584905,5,$29.50
Pro Fix Stick Color Correcting Concealers,NYX Professional Makeup,2617411,9,$9.00
Shape Tape Corrector,Tarte,2606949,10,$32.00
Putty Color-Correcting Eye Brightener,e.l.f. Cosmetics,2617749,9,$6.00
Ambient Lighting Palette - Volume lll,HOURGLASS,2592603,3,$70.00
Translucent Loose Setting Powder,Laura Mercier,2562494,11,$47.00
All Nighter Hyaluronic Acid Dewy Setting Spray,Urban Decay Cosmetics,2623551,9,$25.20
Matte Finish Long Lasting Makeup Setting Spray Vegan Formula,NYX Professional Makeup,2254931,5,$10.00
nan,nan,2597535,nan,nan
Golden Soleil Baked Bronzer,J.Cat Beauty,2296130,nan,$5.39
Superpowder Bronzing Powder,Well People,2553315,5,$22.00
Murumuru Butter Glow Face Palette,Physicians Formula,2571844,6,$12.99
Heatwave Bronzing Essence,FLOWER Beauty,2563463,3,$18.50
nan,nan,2593144,nan,nan
TruBlend So Flushed High Pigment Bronzer,CoverGirl,2566503,5,$11.99
Mini Filmstar Bronze & Glow,Charlotte Tilbury,2619620,4,$29.00
Laguna Ultimate Face Palette,NARS,2624147,8,$59.00
Hueglow Jumbo Liquid Highlighter Drops,Live Tinted,2588677,8,$38.00
Shimmer Brick Highlighter,BOBBI BROWN,2602720,2,$41.25
Body Glow,KYLIE COSMETICS,2610379,10,$25.00
Halo Glow Liquid Filter,nan,2604924,3,$14.00
Light Lock Highlight Fluid,about-face,2623853,8,$20.00
Diamond Bomb All-Over Diamond Veil,FENTY BEAUTY by Rihanna,2592270,6,$42.00
Cookie Golden Pearl Powder Highlighter,Benefit Cosmetics,2595642,6,$35.00
Halo Glow Highlight Beauty Wand,e.l.f. Cosmetics,2609257,11,$9.00
Glowing Cheeks Blush & Highlight Duo,Tarte,2622793,8,$24.00
nan,nan,2625693,nan,nan
Multi-Use Sculpting Palette,ICONIC LONDON,2594949,6,$24.50
Contour Palette,e.l.f. Cosmetics,2500450,5,$9.00
Halo Glow Contour Beauty Wand,e.l.f. Cosmetics,2609181,12,$9.00
Dew-la-la Liquid Glow Highlighter,Benefit Cosmetics,2624539,9,$38.00
Shade + Light Refillable Face Contour Palette,KVD Beauty,2570675,2,$52.50
Hy-Gen Skincare Infused Glow Beautifier,NATASHA DENONA,2624349,11,$48.00
"Face Palette - All In One Bronzer, Highlight, Blush",Anastasia Beverly Hills,2576830,5,$58.00
Heaven's Hue Highlighter,Stila,2538946,9,$34.00
COMPLEXION RESCUE All-Over Luminizer Mineral SPF 20,bareMinerals,2619637,10,$33.00
Bronze Age Bronzing Stick,Winky Lux,2600462,6,$12.60
Smashbox X BECCA Shimmering Skin Perfector Pressed Highlighter,Smashbox,2587487,9,$21.00
nan,nan,2282772,nan,nan
Sculpting Touch Creamy Stick Contour,KIKO Milano,2576113,2,$10.85
Interstellar Highlighter Topper,r.e.m. beauty,2595358,5,$25.00
Chubby Stick Sculpting Contour,Clinique,2282741,3,$32.00
Shade + Light Refillable Face Contour Palette,KVD Beauty,2570675,2,$52.50
Pro Sculpt Concealer Palette,L.A. Girl,2611142,3,$12.99
Lightweight HD Pro Creamy Concealer,L.A. Girl,2505332,2,$5.50
Supercharged Brightening Undereye Tint,Milani,2574042,6,$10.99
Huestick Corrector,Live Tinted,2588683,2,$26.00
Bright Eyed Under Eye Corrector,FLOWER Beauty,2617311,3,$13.00
Peeper Correct Color Corrector,Winky Lux,2625598,6,$9.80
Continuous Setting Mist,Morphe,2528888,7,$10.20
Smashbox X BECCA Under Eye Brightening Corrector,Smashbox,2587128,7,$16.50
Light Reflecting Eye Brightener,NARS,2609675,10,$34.00
Match Stix Contour Skinstick,FENTY BEAUTY by Rihanna,2592591,8,$32.00
Conceal & Perfect Face Lift Collection Liquid Contour,Milani,2599614,10,$7.69
Airbrush Flawless Setting Spray,Charlotte Tilbury,2619571,5,$38.00
(Re)setting 100% Mineral Powder Sunscreen SPF 35 PA+++,Supergoop!,2589378,6,$28.00
Bake & Set Setting Powder,Morphe,2553748,6,$9.00
All Nighter Waterproof Setting Powder,Urban Decay Cosmetics,2527641,5,$24.50
Face Tape Pressed Powder,Tarte,2621965,10,$20.00
Mineral Matte Loose Finishing Powder,NYX Professional Makeup,2254936,6,$12.00
Translucent Loose Setting Powder,Anastasia Beverly Hills,2551083,5,$38.00
True Match Lumi Glotion Natural Glow Bronzing Enhancer,L'OrÃ©al,2520146,10,$16.99
GEN NUDE Highlighting Blush,bareMinerals,2611433,9,$29.00
Glow Tape Highlighter,Tarte,2607590,12,$36.00
Highlight Reloaded,Revolution Beauty,2547153,5,$7.00
Glow Glide Face Architect Highlighter,Charlotte Tilbury,2619589,8,$48.00
"All-Inclusive Eye, Cheek & Face Palette",Milani,2590468,5,$11.89
Beam Bright Highlighter,Revolution Beauty,2618581,10,$12.00
Cream Contour Palette,e.l.f. Cosmetics,2506970,4,$9.00
Sun Dreams Creamy Bronzer & Contour,Pacifica,2597876,2,$16.00
Ambient Lighting Palette Volume II,HOURGLASS,2579001,4,$70.00
Step-By-Step Contour Highlighter & Bronzer Face Palette Kit,Smashbox,2222418,5,$40.00
MegaGlo Makeup Stick Contour,Wet n Wild,2518198,2,$4.49
MegaGlo Makeup Stick Conceal,Wet n Wild,2518213,nan,$4.49
Contour Quad Spectrum Palette,J.Cat Beauty,2506084,3,$4.19
Conceal & Perfect Face Lift Collection Undereye Brightener,Milani,2599610,6,$7.69
Mineral Veil Setting Powder,bareMinerals,5081177,8,$35.00
Studio Perfect Color Correcting Primer in Green,NYX Professional Makeup,2226206,2,$14.00
nan,nan,2582653,nan,nan
nan,nan,2607060,nan,nan
Translucent Loose Setting Powder Ultra-Blur,Laura Mercier,2601179,11,$52.00
More Than A Pretty Powder Skin-caring Loose Setting Powder,Polite Society,2625330,8,$34.00
Fit Me Loose Finishing Powder,Maybelline,2510255,2,$10.99
The POREfessional: Super Setter Long-Lasting Makeup Setting Spray,Benefit Cosmetics,2572791,8,$35.00
Superfix Misting Spray,nan,2574452,3,$15.00
Bye Bye Pores Translucent Loose Setting Powder,IT Cosmetics,2264078,4,$32.00
All Nighter Ultra Matte Setting Spray,Urban Decay Cosmetics,2556547,6,$25.20
Cheek Squad Cream Face Trio,ULTA Beauty Collection,2599123,4,$9.60
Tickle Golden Pink Powder Highlighter,Benefit Cosmetics,2595643,5,$35.00
High Beam Satin Pink Liquid Highlighter,Benefit Cosmetics,2547729,4,$26.00
Undereye Corrector,BOBBI BROWN,2583531,6,$26.25
"Cali Contour Blush, Highlighter, & Bronzer Face Palette",Smashbox,2581357,8,$46.00
Halo Sculpt + Glow Face Palette With Vitamin E,Smashbox,2618543,9,$45.00
Petite PRO Contour Palette,LORAC,2583762,4,$32.00
Shape Tape Full Coverage Concealer,Tarte,2501208,11,$32.00
Hollywood Contour Wand,Charlotte Tilbury,2619436,6,$42.00
Wonder Stick Cream Highlight & Contour Stick,NYX Professional Makeup,2595218,9,$14.00
Tinted Blur Sculpt Stick,NUDESTIX,2598483,8,$32.00
Double Take Freed Contour Stick,UOMA Beauty,2600890,3,$12.50
HydroPure Color Correcting Serum with Hyaluronic Acid & CoQ10,jane iredale,2614127,7,$46.40
Even Better All-Over Primer and Color Corrector,Clinique,2598022,11,$22.40
Revolution Eye Bright Under Eye Corrector,Revolution Beauty,2593219,5,$8.00
nan,nan,2597892,nan,nan
Color Correcting Liquid Concealer,ULTA Beauty Collection,2620167,5,$7.20
All Nighter Waterproof Makeup Setting Spray,Urban Decay Cosmetics,2503490,11,$25.20
Power Grip Dewy Setting Spray,e.l.f. Cosmetics,2621170,10,$10.00
Make It Last Original - Natural Finish Setting Spray,Milani,2519996,6,$7.69
Invisimatte Instant Setting + Blotting Powder,FENTY BEAUTY by Rihanna,2599894,6,$37.00
Bye Bye Pores Translucent Loose Setting Powder,IT Cosmetics,2264078,4,$32.00
Veil Translucent Setting Powder,HOURGLASS,2572599,7,$50.00
Translucent Pressed Setting Powder Ultra-Blur,Laura Mercier,2622822,10,$52.00
HD Finishing Powder Pressed Setting Powder,NYX Professional Makeup,2283242,5,$12.00
All Nighter Hyaluronic Acid Dewy Setting Spray,Urban Decay Cosmetics,2623551,9,$25.20
Illuminating Mineral Veil Setting Powder,bareMinerals,2138919,5,$35.00
Studio Fix Pro Set + Blur Weightless Loose Setting Powder,MAC,2609367,5,$36.00
Totally Set Mini Brighten & Set Powder Duo,Morphe,2621491,7,$7.20
Shape Tape Stay Spray Setting Spray,Tarte,2547935,9,$32.00
Brighten Up! Banana Powder,Essence,2611069,4,$4.99
Sheer Finish All Day Oil Control Pressed Powder,BOBBI BROWN,2612319,9,$39.75
Your Skin But Better Setting Spray + Hydrating Mist,IT Cosmetics,2562519,4,$32.00
Stay All Day Blue Light Micro-Setting Mist,e.l.f. Cosmetics,2591796,5,$10.00
Mini Bake & Set Setting Powder,Morphe,2621392,6,$4.80
Fix+ Magic Radiance All Day Hydrating Setting Spray with Vitamin C,MAC,2562867,10,$38.00
Lock-It Setting Powder,KVD Beauty,2570683,2,$35.00
Airbrush Flawless Finish Brightening Powder,Charlotte Tilbury,2619430,7,$48.00
Perfect Finish HD Powder,e.l.f. Cosmetics,2500458,4,$6.00
Translucent Loose Setting Powder - Light Catcher,Laura Mercier,2581649,4,$47.00
Invisible Touch Face Fixing Powder,KIKO Milano,2576110,nan,$14.00
Mineral Wear Talc-Free Mineral Airbrushing Pressed Powder SPF 30,Physicians Formula,2241353,2,$14.99
Lock-It Finishing Powder Refill,KVD Beauty,2571106,3,$22.00
Invisimatte Refill Instant Setting + Blotting Powder,FENTY BEAUTY by Rihanna,2599895,7,$27.00
High Definition Pressed Finishing Powder Mini,NYX Professional Makeup,2540538,2,$3.50
nan,nan,2566420,nan,nan
Prep-Set-Glow Hydrating Setting Spray Mini,ICONIC LONDON,2601972,9,$10.00
Pommisst Hydration Spray,jane iredale,2614489,6,$30.40
(Glow)setting Powder 100% Mineral SPF 35,Supergoop!,2613562,7,$28.00
Simply Ageless Instant Wrinkle Blurring Pressed Powder,CoverGirl,2573423,7,$8.99
Light Reflecting Setting Powder Loose,NARS,2591167,5,$40.00
"Facial Spray with Aloe, Chamomile and Lavender",Mario Badescu,2520093,8,$9.80
Photo Focus Loose Setting Powder,Wet n Wild,2548494,3,$7.99
PHYTO-PIGMENTS Flawless Finishing Powder,Juice Beauty,2295516,5,$15.00
Make It Last Matte - Matte Finish Charcoal Setting Spray,Milani,2539493,5,$7.69
Dewy Coconut Setting Mist,e.l.f. Cosmetics,2574688,3,$10.00
Trippin Smooth Powder,UOMA Beauty,2597861,5,$14.75
Hueskin Brightening Core Setting Powder,Live Tinted,2621482,1,$32.00
Spritz. Mist. Glow. Set,Mario Badescu,2523667,4,$16.80
4-in-1 Loose Blurring Setting Powder,PÃR,2576922,5,$28.00
Pretty Fresh Hyaluronic Acid Setting Mist,ColourPop,2561412,3,$12.00
Matte Magic Mist & Set,e.l.f. Cosmetics,2506976,2,$6.00
"Facial Spray with Aloe, Sage and Orange Blossom",Mario Badescu,2540829,5,$5.60
Butter Glow Pressed Powder,Physicians Formula,2605869,5,$15.49
Mist Thing Hydrating Setting Spray,r.e.m. beauty,2620465,6,$26.00
Plant-Based Hydrating Makeup Removing Face Wipes for All Skin Types,CeraVe,2591828,6,$11.99
Comforting Eye Makeup Remover with Hyaluronic Acid,CeraVe,2597413,9,$11.99
Makeup Remover Melting Balm,Neutrogena,2582619,4,$11.99
Reusable Makeup Remover Pads,Tweezerman,2605766,6,$15.00
Gently Off Eye and Lip Makeup Remover,MAC,2510729,nan,$25.00
nan,nan,2602999,nan,nan
nan,nan,2609268,nan,nan
Bye Bye Makeup 3-in-1 Makeup Melting Cleansing Balm,IT Cosmetics,2594127,7,$47.00
PREGAME SETTING SPRAY Moisturizing Skin Serum,Youthforia,2602251,8,$36.00
"Take The Day Off Makeup Remover For Lids, Lashes & Lips",nan,2153847,3,$19.60
nan,nan,2524150,nan,nan
DÃMAQUILLANT YEUX INTENSE Gentle Bi-Phase Eye Makeup Remover,CHANEL,2607864,3,$40.00
PRO Setting Brightening Loose Setting Powder,L.A. Girl,2619161,3,$9.00
Vegan Collagen Hydrating Setting Mist,Pacifica,2591371,6,$7.00
Miracle Matte Universal Finishing Pressed Powder,FLOWER Beauty,2524917,nan,$15.00
Pixi + Hello Kitty Makeup Fixing Mist,Pixi,2598118,4,$15.00
Makeup Insurance Longwear Setting Spray + Blue Light Defense,Too Faced,2603719,7,$36.00
Sunsetter SPF 30 High-Protection Broad-Spectrum Setting Spray,Morphe,2610862,5,$10.80
Lasting Fix Makeup Setting Spray,Maybelline,2545896,2,$9.99
Mini Translucent Loose Setting Powder Ultra-Blur,Laura Mercier,2616140,9,$28.00
The POREfessional: Super Setter Long-Lasting Makeup Setting Spray Mini,Benefit Cosmetics,2572792,8,$16.00
ORIGINALâ Mineral Veilâ Set + Protect Talc-Free âSetting Powder âMineral SPF 25 PA++â,bareMinerals,2623851,10,$36.00
Fix+ Stay Over Alcohol-Free 24HR Setting Spray,MAC,2597454,6,$38.00
Creaseless Loose Setting Powder,Tarte,2624750,9,$36.00
All Nighter Ultra Matte Setting Spray,Urban Decay Cosmetics,2556547,6,$25.20
Mini Continuous Setting Mist,Morphe,2569792,6,$7.20
Mineral Veil Finishing Powder Broad Spectrum SPF 25,bareMinerals,2215316,4,$35.00
Airbrush Flawless Finish Setting Powder,Charlotte Tilbury,2619306,7,$48.00
Prep + Prime Fix+ Primer and Setting Spray,MAC,2510684,11,$34.00
Pro Filt'r Instant Retouch Setting Powder,FENTY BEAUTY by Rihanna,2592442,5,$36.00
Redness Solutions Instant Relief Mineral Pressed Powder,Clinique,2225326,5,$42.00
Even Better All-Over Primer and Color Corrector,Clinique,2598022,11,$22.40
Color Corrector Quad Spectrum Palette,J.Cat Beauty,2506087,3,$4.19
CC+ Cream with SPF 50+,IT Cosmetics,2264064,11,$28.20
Banana Bright Vitamin CC Sticks for Dark Circles,OLEHENRIKSEN,2617229,7,$35.00
Redness Solutions Makeup Broad Spectrum SPF 15 With Probiotic Technology Foundation,Clinique,2567629,6,$28.00
3C Color Correcting Concealer Palette,NYX Professional Makeup,2283240,4,$12.00
Travel-Size Shape Tape Glow Wand Liquid Highlighter,Tarte,2557000,10,$15.00
Travel-Size Shape Tape Glow Wand Liquid Highlighter,Tarte,2557000,10,$15.00
nan,nan,2604018,nan,nan
Halo Sculpt + Glow Face Palette With Vitamin E,Smashbox,2618546,9,$45.00
Matte Cream Contour & Highlight Sticks,Anastasia Beverly Hills,2308351,2,$18.75
Matte Cream Contour & Highlight Sticks,Anastasia Beverly Hills,2308351,2,$18.75
Bienvenidos A Miami Mini Mix Face Palette,Ofra Cosmetics,2620024,8,$42.00
Beau Phoria Gaze & Amaze 12 Color Eye & Face Palette,L.A. Girl,2615865,3,$14.99
Effervescence Extra Dimension Face Compact,MAC,2601094,5,$30.80
Halo Sculpt + Glow Face Palette With Vitamin E,Smashbox,2618546,9,$45.00
Bare With Me Aloe & Cucumber Extract Hydrating Jelly Primer,NYX Professional Makeup,2542633,5,$17.00
nan,nan,2604540,nan,nan
Mini PRIME TIME Original Pore-Minimizing Primer,bareMinerals,2609685,7,$19.00
NÂ°1 DE CHANEL SKIN ENHANCER Boosts Radiance - Evens - Perfects,CHANEL,2611609,2,$65.00
Redness Reducer Primer,Essence,2602998,8,$4.99
Dewy Glaze Hydrating Face Primer,ULTA Beauty Collection,2617149,5,$10.80
Let's Chill Hydrating Primer Stick,L.A. Girl,2618826,7,$8.00
Priming Serum 24H Hydrating Solid Smoothing Primer,LancÃ´me,2598662,8,$46.00
"Face Palette - All In One Bronzer, Highlight, Blush",Anastasia Beverly Hills,2576830,5,$58.00
Cotton Candy Skies Midi Palette,Ofra Cosmetics,2620021,5,$35.00
Radiance Booster Dewy Tinted Moisturizer,ICONIC LONDON,2585994,9,$39.00
Sculpt & Glow Baked Face Palette,ULTA Beauty Collection,2617768,6,$9.60
Love Struck Blusher + Bronzer,J.Cat Beauty,2296116,nan,$2.99
Mineralize Skinfinish Powder Highlighter,MAC,2510716,6,$43.00
Smashbox X BECCA Shimmering Skin Perfector Pressed Highlighter Mini,Smashbox,2588010,5,$11.50
"Face Palette - All In One Bronzer, Highlight, Blush",Anastasia Beverly Hills,2576830,5,$58.00
Infallible 24H Fresh Wear Soft Matte Bronzer,L'OrÃ©al,2596611,4,$11.19
Chocolate Soleil: Natural Chocolate Cocoa-Infused Healthy Glow Bronzer,Too Faced,2594145,7,$38.00
"Multi-Use Blush, Bronze, and Highlight Cream Palette",ICONIC LONDON,2620845,9,$24.50
Moisturizing Complexion Stick,ULTA Beauty Collection,2620514,5,$9.60
GEN NUDE BLONZER Blush + Bronzer,bareMinerals,2594966,7,$29.00
Sun-Kissed Face Gelee Complexion Multitasker Bronzer,Clinique,2303839,4,$36.00
COMPLEXION RESCUE Liquid Blonzer Blush + Bronzer,bareMinerals,2623836,11,$28.00
COMPLEXION RESCUE Liquid Blonzer Blush + Bronzer,bareMinerals,2623836,11,$28.00
Illuminance Gel Serum Blush,Revlon,2618905,9,$14.99
MegaGlo Makeup Stick Blush,Wet n Wild,2518208,2,$4.49
"Trifecta Metallica Lip, Eye & Cheek Stick",Stila,2575756,6,$26.00
Chocolate Soleil Melting Bronzing and Sculpting Stick,Too Faced,2622397,9,$35.00
Cheek & Lip Cream,Ofra Cosmetics,2608379,6,$18.00
Clean Fresh All Over Dewy Tint,CoverGirl,2597351,6,$10.99
4-in-1 Correcting Primer Anti Blemish & Mattify,PÃR,2550942,5,$34.00
Prime Focus Pore Minimizing Primer Serum,Wet n Wild,2589824,3,$8.49
Kind Glaze Dewy Glow Layer Face Primer,Pacifica,2604784,3,$11.20
Prime Focus Glass Correct Primer- Green,Wet n Wild,2574455,3,$6.99
Unconditional Mini Mix Face Palette,Ofra Cosmetics,2620023,9,$39.00
Bare With Me Aloe & Cucumber Extract Primer & Setting Spray,NYX Professional Makeup,2542640,3,$10.00
On-Set Essentials: Primer + Setting Spray Trio,Smashbox,2606440,8,$34.00
Pretty Blush 3-Piece Mini Kit,NUDESTIX,2605948,8,$30.00
City Block Sheer Oil-Free Daily Face Protector Broad Spectrum SPF 25 Primer,Clinique,2153905,7,$35.00
Hydrating Face Primer - Large,e.l.f. Cosmetics,2520958,4,$10.00
Insta-Grip Jelly Primer 3-in-1 Multi-Tasking Primer,Dermablend,2529223,9,$24.50
4-in-1 Correcting Primer Dark Spot Corrector,PÃR,2531216,7,$34.00
Bronzing Blendrops SPF 46 Priming Drops,BeautyBio,2620574,9,$28.50
Luminous Putty Primer,e.l.f. Cosmetics,2558546,8,$10.00
Soft Blur Poreless Face Primer,ULTA Beauty Collection,2617481,5,$10.80
nan,nan,2537277,nan,nan
"Multi-Use Blush, Bronze, and Highlight Cream Palette",ICONIC LONDON,2620845,9,$24.50
Prep + Prime Fix+ Primer and Setting Spray,MAC,2510684,11,$34.00
Mini Hollywood Blush & Glow Palette,Charlotte Tilbury,2619555,8,$29.00
nan,nan,2625693,nan,nan
Pure Color Envy Sculpting Blush,EstÃ©e Lauder,2591724,2,$35.20
Soft & Natural Nudes 3-Piece Mini Kit,NUDESTIX,2599713,6,$27.00
NUDIES MATTE LUX All Over Face Blush Color,NUDESTIX,2598338,10,$35.00
Dandelion Twinkle Soft Nude-Pink Powder Highlighter,Benefit Cosmetics,2595644,5,$35.00
Too Cheeky Lip & Cheek Color Stick,ULTA Beauty Collection,2556122,7,$7.20
Nudescreen Blush Tint SPF 30,NUDESTIX,2620585,8,$30.00
nan,nan,2510398,nan,nan
Roses 'N Honey 3-Piece Mini NUDIES Kit,NUDESTIX,2596462,8,$30.00
Rosy Glow Blush,Dior,2612199,7,$40.00
Halo Glow Blush Beauty Wand,e.l.f. Cosmetics,2609251,11,$9.00
Silky-Soft Powder Blush,Benefit Cosmetics,2595623,12,$32.00
nan,nan,2583982,nan,nan
Hello FAB Coconut Skin Smoothie Priming Moisturizer,First Aid Beauty,2589262,5,$19.20
Travel Size Photo Finish Primerizer+ Hydrating Primer with Hyaluronic Acid,Smashbox,2588005,11,$16.00
Instant Smooth Perfecting Touch Makeup Primer,Clarins,2200427,7,$40.00
4-in-1 Correcting Primer Energize & Rescue,PÃR,2525975,6,$34.00
Double Wear Smooth & Blur Primer,EstÃ©e Lauder,2618892,6,$36.00
Travel-Size Timeless Smoothing Face Makeup Primer,Tarte,2554634,6,$22.00
Pro Filt'r Instant Retouch Primer,FENTY BEAUTY by Rihanna,2592267,3,$36.00
Travel Size Photo Finish Control Mattifying Primer with Salicylic Acid,Smashbox,2588009,11,$16.00
Blur Screen SPF 30 Blurring Makeup Primer,NYX Professional Makeup,2623370,9,$14.00
Milk Tint SPF 43 Tinted Primer Serum,Beekman 1802,2624068,7,$48.00
Milk Tint SPF 43 Tinted Primer Serum,Beekman 1802,2624068,7,$48.00
UV Expert Defense SPF 50+ Primer & Moisturizer,LancÃ´me,2541521,7,$48.00
nan,nan,2617588,nan,nan
Trick&Treat Concealer,Hey Honey,2537311,6,$38.00
COMPLEXION RESCUE Brightening Under Eye Concealer SPF 25,bareMinerals,2599426,4,$14.00
Mini Vitamin Enriched Face Base Moisturizer & Primer with Vitamin C + Hyaluronic Acid,BOBBI BROWN,2583729,11,$25.00
Melting Balm Makeup Remover,ULTA Beauty Collection,2616691,5,$8.40
Invisible Matte Lip Makeup Remover,J.Cat Beauty,2506154,nan,$3.00
Good Apple Lightweight Full-Coverage Concealer,KVD Beauty,2591736,8,$15.00
Halo Healthy Glow 4-in-1 Perfecting Pen Concealer with Hyaluronic Acid,Smashbox,2610391,11,$29.00
nan,nan,2561093,nan,nan
Waterproof Makeup Remover,J.Cat Beauty,2526414,nan,$3.59
CC+ Cream with SPF 50+,IT Cosmetics,2264064,11,$28.20
Correct and Perfect All-In-One Color Correcting Palette,Stila,2301052,7,$45.00
GrandeVANISH Bi-Phase Makeup Remover,Grande Cosmetics,2612159,5,$15.40
nan,nan,2568308,nan,nan
Cover Care Full Coverage Concealer,Dermablend,2563725,8,$20.30
Skin Fetish: Sublime Perfection Full Coverage Concealer,PAT McGRATH LABS,2613848,6,$34.00
Conceal & Define Full Coverage Concealer,Revolution Beauty,2536471,2,$7.00
CC+ Cream with SPF 50+,IT Cosmetics,2264064,11,$28.20
Bare With Me Hydrating Face & Body Concealer Serum,NYX Professional Makeup,2587594,10,$12.00
Travel Size Bye Bye Under Eye Full Coverage Waterproof Concealer,IT Cosmetics,2550194,6,$14.00
Double Wear Stay-In-Place Flawless Longwear Cream Concealer,EstÃ©e Lauder,2309394,8,$25.60
Kind Tint Tinted Serum,Pacifica,2591360,6,$9.80
Born This Way Super Coverage Multi-Use Concealer,Too Faced,2529024,11,$36.00
COMPLEXION RESCUE Tinted Moisturizer Mineral SPF 30,bareMinerals,2283391,11,$39.00
Beauty Balm Serum Boosted Skin Tint,Anastasia Beverly Hills,2621820,11,$42.00
Halo Healthy Glow Tinted Moisturizer Broad Spectrum SPF 25,Smashbox,2568499,10,$41.00
HydraKate Illuminating SPF 50+ Drops,Kate Somerville,2625521,8,$32.20
Radiant Skin Brightening Serum Skin Tint SPF 30,TULA,2598954,10,$42.00
Beyond Perfecting Powder Foundation + Concealer,Clinique,2291649,5,$28.00
Travel Size CC Water with Hyaluronic Acid,Erborian,2606543,8,$25.00
Instant Age Rewind Perfector 4-In-1 Whipped Matte Makeup,Maybelline,2590459,6,$1.50
Redness Solutions Makeup Broad Spectrum SPF 15 With Probiotic Technology Foundation,Clinique,2567629,6,$28.00
3C Color Correcting Concealer Palette,NYX Professional Makeup,2283240,4,$12.00
CC+ Nude Glow Lightweight Foundation + Glow Serum with SPF 40,IT Cosmetics,2594106,11,$28.20
CC+ Nude Glow Lightweight Foundation + Glow Serum with SPF 40,IT Cosmetics,2594106,11,$28.20
I Am Magic Glow Radiance Booster,Juvia's Place,2620803,3,$25.00
Weightless Skin Foundation SPF 15,BOBBI BROWN,2626798,10,$42.75
4-in-1 Foundation Stick Cream-to-Velvet Matte Foundation,PÃR,2526108,3,$34.00
Bye Bye Redness Neutralizing Color-Correcting Concealer Cream,IT Cosmetics,2514627,7,$38.00
Studio Waterweight SPF 30 Liquid Foundation Makeup,MAC,2510616,3,$30.80
Olay Simply Ageless Instant Wrinkle-Defying Foundation with SPF 28,CoverGirl,2165912,5,$18.49
Aquasurance Compact Foundation,J.Cat Beauty,2550026,2,$8.99
Light Illusion Liquid Foundation,FLOWER Beauty,2525008,6,$14.30
Infallible Pro-Matte Liquid Longwear Foundation,L'OrÃ©al,2283483,2,$14.99
Simply Ageless Skin Perfector Essence Foundation,CoverGirl,2618803,11,$21.49
ULTRA LE TEINT Ultrawear All-Day Comfort Flawless Finish Compact Foundation,CHANEL,2568265,3,$68.00
Forever Natural Matte Velvet Compact Foundation,Dior,2625554,5,$60.00
Almost Powder Makeup Broad Spectrum SPF 18 Foundation,Clinique,2160686,3,$28.00
Dior Forever Foundation Fluid Matte,Dior,2604875,7,$57.00
Leg and Body Makeup,Dermablend,2509368,6,$28.00
Filter Effect Soft-Focus Foundation,Morphe,2577758,4,$20.00
Double Wear Stay-in-Place Foundation,EstÃ©e Lauder,2309420,10,$41.60
BAREPRO 16HR Skin-Perfecting Matte Powder Foundation,bareMinerals,2589559,9,$42.00
Matte Foundation Broad Spectrum SPF 15,bareMinerals,2209455,10,$39.00
4-in-1 Pressed Mineral Makeup Broad Spectrum SPF 15,PÃR,2236106,7,$32.00
Take The Day Off Cleansing Balm Makeup Remover,Clinique,2282783,9,$30.80
Instant Cleansing Balm,Good Molecules,2582315,nan,$15.00
Take The Day Off Cleansing Balm Makeup Remover Mini,Clinique,2532674,8,$10.50
Lash Purify Eye Makeup Remover & Lash Cleanser,Kiss,2588757,5,$8.99
Travel Size Lash Clean Oil-Free Makeup Remover,Velour Lashes,2568309,nan,$13.00
See Ya Later! Bi-Phase Eye Makeup Remover,florence by mills,2609754,5,$16.00
My Stellar Micellar Makeup Remover Wipes,Petite n Pretty,2555735,4,$10.00
Whoopsie Eye Liner Corrector,ULTA Beauty Collection,2615838,2,$6.00
Real Clean In-The-Clear Eye Makeup Remover,Real Techniques,2610501,8,$10.99
100% Oil Free Eye Makeup Remover,L'OrÃ©al,2090124,2,$7.99
nan,nan,2610500,nan,nan
Oil Free Eye Makeup Remover,ULTA Beauty Collection,2587283,3,$5.40
On-The-Go Oopsies Waterproof Makeup Remover,Glamnetic,2574475,2,$9.00
Gentle Eye Makeup Remover,EstÃ©e Lauder,2515497,1,$22.40
Clean Artiste Waterproof and Long Wearing Eye Makeup Remover,L'OrÃ©al,2205735,nan,$7.99
Makeup Removing Towels,ULTA Beauty Collection,2601788,2,$6.00
"Gentle Makeup Removing Wipes, Fragrance and Alcohol Free",Cetaphil,2605919,6,$11.29
Falscara False Eyelash Rosewater Remover,Kiss,2559006,6,$6.49
Take It Away Makeup Remover Lotion,EstÃ©e Lauder,2309331,1,$30.40
Waterproof Eye & Lip Makeup Remover,ULTA Beauty Collection,2587058,3,$5.40
Holy Hydration! e.l.f. Off Makeup Remover,e.l.f. Cosmetics,2611367,8,$7.00
Makeup Remover Cleansing Towelette Singles,Neutrogena,2534782,9,$8.99
Calm + Restore Makeup Remover Wipes,Aveeno,2587059,6,$10.99
Travel Size Take The Day Off Makeup Remover,Clinique,2282782,6,$10.50
Rinse-Off Eye Makeup Remover Solvent,Clinique,2153848,6,$18.20
nan,nan,2605295,nan,nan
Mini Gently Off Wipes + Micellar Water Makeup Remover Wipes,MAC,2587733,nan,$18.00
"Skin Bloom, Cream To Powder Compact",J.Cat Beauty,2619734,2,$3.59
Bi-Facil Double Action Eye Makeup Remover,nan,2235588,3,$19.50
Oil-Free Eye Makeup Remover,Neutrogena,2109669,5,$10.99
Travel-Size Shape Tape Glow Powder,Tarte,2566181,4,$18.00
Pro-Collagen Cleansing Balm,ELEMIS,2584166,9,$51.75
Travel Size Pro-Collagen Cleansing Balm,ELEMIS,2604192,8,$13.50
Superfood AHA Glow Cleansing Butter,ELEMIS,2570297,6,$33.75
Shape Tape Glow Powder,Tarte,2566178,7,$36.00
nan,nan,2574310,nan,nan
"Ready, Set, Sealed! Setting Spray",Juvia's Place,2620794,4,$18.00
Lit Mist Illuminating Setting Spray,PÃR,2606407,6,$13.00
Skin Perfecting Powder Mineral Glow,PÃR,2531401,6,$26.00
Soft Velvet Finishing Powder,BLK/OPL,2578312,2,$8.10
Tinted Mineral Veil Setting Powder,bareMinerals,2122525,5,$35.00
Dew Lock Hydrating Set + Refresh Mist,HALF MAGIC,2611572,3,$16.10
Photo Finish Endurance Breathable Setting Spray,Smashbox,2598371,7,$34.00
LOCK&SEAL LIQUID MAKEUP SETTER,J.Cat Beauty,2571966,nan,$2.39
Travel Size Translucent Pure Setting Spray 16HR,Laura Mercier,2610269,5,$21.00
Mattifying Setting Spray,KYLIE COSMETICS,2620538,9,$27.00
Pure Plush Gentle Deep Cleansing Foam,bareMinerals,2296211,1,$25.00
Take The Day Off Charcoal Cleansing Balm Makeup Remover,Clinique,2604464,9,$10.50
IRL Soft Focus 2 in 1 Powder Translucent,Revolution Beauty,2605186,5,$10.00
Vitamin Enriched Pressed Powder,BOBBI BROWN,2612318,9,$39.75
Lock-In Hydrating Makeup Setting Spray,L.A. Girl,2546816,nan,$8.00
PRO Perfect Oil Control Multi-Tasking Setting Spray,L.A. Girl,2619162,6,$9.00
Glow Baby Brightening Setting Spray - SPF 45,Pacifica,2604655,2,$12.60
Close-Up Baking & Setting Powder,NABLA,2601536,2,$25.00
nan,nan,2607218,nan,nan
Make It Last Mattifying Setting Powder,Milani,2581638,8,$8.39
Radiant Finish Long Lasting Makeup Setting Spray,NYX Professional Makeup,2557250,4,$10.00
Translucent Matte Pro Setting Powder,L.A. Girl,2504745,3,$6.00
HD Pro Setting Finish Spray,L.A. Girl,2504749,2,$5.99
Travel Size Loose Setting Powder,Dermablend,2568437,5,$8.40
Illuminating-Glow Makeup Setting Spray,L.A. Girl,2546805,2,$8.00
nan,nan,2607217,nan,nan
Illuminating Banana Powder,Dermablend,2532495,7,$22.40
Jet Set Invisible Powder Spray,FLOWER Beauty,2587389,3,$16.00
Photo Focus Loose Setting Powder Banana,Wet n Wild,2558455,3,$7.99
Veil Soft Focus Setting Spray,HOURGLASS,2572573,5,$50.00
Lock and Last Water-Resistant Setting Spray,Dermablend,2581187,7,$19.60
Set + Refresh Perfecting Makeup Mist,EstÃ©e Lauder,2515496,1,$32.00
Fix It Forget It Hydrating Makeup Setting Spray,LancÃ´me,2533974,4,$35.00
Mattifying Setting Spray,Morphe,2614030,6,$10.80
Clean Invisible Loose Powder,CoverGirl,2604115,11,$9.49
Light Illusion Perfecting Powder,FLOWER Beauty,2524959,4,$15.00
POREfection Baked Perfecting Powder,LORAC,2232638,2,$34.00
Make It Last Sunscreen - Sunscreen Setting Spray SPF 30,Milani,2565913,4,$10.49
Stay-Matte Invisible Blotting Powder,Clinique,2302018,3,$39.00
Clean Fresh Pressed Powder,CoverGirl,2566112,6,$11.99
Luminous Setting Spray,Morphe,2610863,6,$10.80
Smooth Operator Amazonian Clay Pressed Finishing Powder,Tarte,2272084,nan,$36.00
I Am Magic Loose Setting Powder,Juvia's Place,2552139,2,$14.00
nan,nan,2212995,nan,nan
Setting Powder,KYLIE COSMETICS,2585677,6,$26.00
nan,nan,2604054,nan,nan
HD Studio Finishing Powder Translucent Setting Powder,NYX Professional Makeup,2254920,2,$12.00
Pro Face Matte Pressed Powder,L.A. Girl,2578044,3,$6.99
Travel Size Shape Tape Stay Spray Setting Spray,Tarte,2547937,9,$16.00
No Filter Loose Setting Powder,ColourPop,2592771,5,$12.00
Born This Way Ethereal Setting Powder,Too Faced,2598671,4,$42.00
Smooth Operator Amazonian Clay Finishing Powder,Tarte,2600461,7,$36.00
Prep-Set-Glow Hydrating Setting Spray,ICONIC LONDON,2536945,10,$29.00
Blended Face Powder,Clinique,2157841,8,$36.00
UncompliKated SPF Soft Focus Makeup Setting Spray Broad Spectrum SPF 50 Sunscreen,Kate Somerville,2531116,3,$32.20
Dewy Set Hydrating Setting Spray Mini,Anastasia Beverly Hills,2564261,4,$15.00
Real Flawless Luminous Perfecting Talc-Free Pressed Finishing Powder,Laura Mercier,2608652,8,$49.00
Dewy Set Hydrating Setting Spray,Anastasia Beverly Hills,2543372,5,$26.00
Translucent Loose Setting Powder Mini,Anastasia Beverly Hills,2568385,4,$19.00
Light Reflecting Makeup Setting Mist,NARS,2624004,9,$36.00
Light Reflecting Pressed Setting Powder,NARS,2591171,7,$40.00
"Facial Spray with Aloe, Cucumber and Green Tea",Mario Badescu,2515878,5,$9.80
High Definition Powder,e.l.f. Cosmetics,2500446,3,$6.00
Travel Size Veil Translucent Setting Powder,HOURGLASS,2572598,2,$25.00
Lock-It Finishing Powder,KVD Beauty,2570903,4,$35.00
Can't Stop Won't Stop All Day Mattifying Powder,NYX Professional Makeup,2583789,7,$9.50
Dewy Finish Long Lasting Makeup Setting Spray Vegan Formula,NYX Professional Makeup,2254932,5,$10.00
ORIGINAL Mineral Veil Pressed Setting Powder - Translucent,bareMinerals,2582216,6,$35.00
Hangover 3-In-1 Replenishing Primer & Setting Spray,Too Faced,2513749,6,$38.00
All Nighter Vitamin C Hydrating Setting Spray,Urban Decay Cosmetics,2595985,10,$25.20
ORIGINALâ Mineral Veilâ Set + Protect Talc-Free âSetting Powder âMineral SPF 25 PA++â,bareMinerals,2623851,10,$36.00
Marsh Mellow Matte Setting Spray,NYX Professional Makeup,2617111,7,$10.00
Jumbo Bake & Set Setting Powder,Morphe,2621391,6,$11.40
All Nighter Extra Glow Dewy Setting Spray,Urban Decay Cosmetics,2567751,6,$25.20
Loose Baking Powder,Revolution Beauty,2505770,4,$8.00
nan,nan,2107730,nan,nan
De-Slick Oil Control Setting Spray,Urban Decay Cosmetics,2503492,2,$25.20
Secret Brightening Powder for Under Eyes,Laura Mercier,2586416,7,$35.00
Smooth Operator Amazonian Clay Tinted Pressed Setting Powder,Tarte,2282470,3,$36.00
Bye Bye Pores Pressed Pore Minimizing Setting Powder,IT Cosmetics,2290474,6,$32.00
Makeup Setting Spray Organic Sunscreen SPF 30,COOLA,2287002,6,$36.00
Translucent Loose Setting Powder Ultra-Blur,Laura Mercier,2601177,11,$52.00
Translucent Loose Setting Powder,Laura Mercier,2559917,11,$47.00
Pretty Fresh Pressed Face Powder,ColourPop,2593136,8,$14.00
Loose Setting Powder,Dermablend,2278300,7,$22.40
Mineral Veil Finishing Powder Broad Spectrum SPF 25,bareMinerals,2215316,4,$35.00
Stay All Night Micro-Fine Setting Mist,e.l.f. Cosmetics,2567177,4,$10.00
Mini MAC Prep + Prime Fix+ Primer and Setting Spray,MAC,2510727,9,$18.00
Halo Glow Setting Powder,e.l.f. Cosmetics,2574627,5,$8.00
Bye Bye Pores Pressed Pore Minimizing Setting Powder,IT Cosmetics,2290474,6,$32.00
Continuous Prep & Set Setting Mist+,Morphe,2610861,7,$11.40
Travel Size Airbrush Flawless Setting Spray,Charlotte Tilbury,2619481,4,$23.00
Blended Face Powder,Clinique,2153517,8,$36.00
Fit Me Matte + Poreless Powder,Maybelline,2537847,5,$9.99
Mineralize Skinfinish Natural Face Powder,MAC,2510649,5,$44.00
Hy-Glam Correcting Concealer,NATASHA DENONA,2609431,9,$30.00
Magic Vanish Color Corrector,Charlotte Tilbury,2619343,2,$32.00
Camo Color Corrector,e.l.f. Cosmetics,2606625,10,$4.00
Pro Powder Palette - Sculpt & Highlight,L.A. Girl,2612689,3,$12.99
MegaGlo Contouring Palette,Wet n Wild,2518306,2,$6.99
Highlight & Contour Pro Face Palette,NYX Professional Makeup,2284091,3,$25.00
Sculpt Tape Contour,Tarte,2604053,10,$36.00
