,Item_id,pros,cons,rating,num_reviews,5_stars,4_stars,3_stars,2_stars,1_star
0,2605037,['No Pros'],['No Cons'],4.5,2241 Reviews,1516,508,124,57,36
1,2608119,['No Pros'],['No Cons'],4.5,9778 Reviews,6938,1772,438,199,431
2,2621797,"['27Easy to Use', '24Good Color Coverage', '20Good Texture', '20Feels Great on Skin', '20Good for Skin']","['17Poor Texture', '9Product Transfers', '7Not Right for Skin Type', '7Not Effective', '2Product Scent']",4.4,4101 Reviews,2591,1011,311,96,92
3,2592558,['No Pros'],['No Cons'],4.7,3858 Reviews,3497,60,82,89,130
4,2623593,['No Pros'],['No Cons'],4.4,1908 Reviews,1156,486,168,56,42
5,2523154,"['147Blends Well', '142Goes On Smoothly', '141Easy To Apply', '140Good Pigmentation', '121Lightweight']","[""66Doesn't Stay On"", '59Pricey / Poor Value', '27Causes Breakouts', '25Too Greasy', '19Poor Coverage']",3.9,1715 Reviews,951,231,165,167,201
6,2610459,['No Pros'],['No Cons'],4.4,1287 Reviews,797,285,109,50,46
7,2592608,['No Pros'],"['1Difficult to Apply', ""1Doesn't Work""]",4.2,542 Reviews,349,55,49,57,32
8,2624152,['No Pros'],['No Cons'],4.6,1511 Reviews,1037,357,80,24,13
9,2610824,['No Pros'],['No Cons'],4.1,583 Reviews,310,133,76,32,32
10,2560092,"['3Lightweight', '1I love this product. Feels n looks good.', '1Light coverage', '1No brushes needed', '1Spf']","['2Oxidizes', '1Orange', '1Oxidized', '1Smells weird', '1Bad for sensitive skin']",4.1,655 Reviews,392,98,42,54,69
11,2624530,['No Pros'],['No Cons'],3.8,43 Reviews,28,1,1,3,10
12,2585239,['1Beautiful on the skin!  Nice coverage!'],['1Not a light enough shade for my pale skin'],4.5,150 Reviews,116,12,9,6,7
13,2624364,['No Pros'],['No Cons'],4.5,815 Reviews,542,179,68,16,10
14,2611435,['No Pros'],['No Cons'],4.6,298 Reviews,237,26,17,9,9
15,2619495,['No Pros'],['No Cons'],4.4,575 Reviews,355,143,37,21,19
16,2615146,['No Pros'],['No Cons'],4.2,259 Reviews,153,48,30,15,13
17,2598637,['No Pros'],['No Cons'],4.5,6671 Reviews,4487,1524,440,110,110
18,2598954,['No Pros'],['No Cons'],4.1,679 Reviews,420,87,61,51,60
19,2604575,['No Pros'],['No Cons'],4.1,1968 Reviews,943,546,308,95,76
20,2606483,['No Pros'],['No Cons'],4.6,1901 Reviews,1530,194,89,47,41
21,2621364,['No Pros'],['No Cons'],4.4,594 Reviews,379,135,46,17,17
22,2608627,['No Pros'],['No Cons'],4.1,583 Reviews,345,101,44,44,49
23,2528581,['No Pros'],['No Cons'],4.5,63 Reviews,48,7,2,2,4
24,2604703,['No Pros'],['No Cons'],4.1,47 Reviews,31,4,4,2,6
25,2602421,['No Pros'],['No Cons'],4.4,4303 Reviews,2779,944,284,129,167
26,2595874,['No Pros'],['No Cons'],4.4,41 Reviews,29,5,3,2,2
27,2603299,['No Pros'],['No Cons'],4.4,547 Reviews,389,66,39,35,18
28,2599657,['No Pros'],['No Cons'],4.0,78 Reviews,47,4,12,12,3
29,2604394,['No Pros'],['No Cons'],4.7,319 Reviews,256,44,12,4,3
30,2607571,['No Pros'],['No Cons'],3.8,68 Reviews,31,10,13,7,7
31,2611614,['No Pros'],['No Cons'],3.9,739 Reviews,297,203,131,61,47
32,2613894,['No Pros'],['No Cons'],4.2,27 Reviews,18,2,4,1,2
33,2627298,"['1049Matte Finish', '588All Day Coverage', '526Weightless and Comfortable', '495Combination Skin', '465Natural Finish']",['No Cons'],4.4,1675 Reviews,1016,424,141,31,63
34,2601294,"['23Easy To Use', '22Lightweight', '19Good Color Payoff', '17Good Value', '17Effective']",['No Cons'],3.7,697 Reviews,286,149,98,86,78
35,2592363,['No Pros'],['No Cons'],4.2,161 Reviews,114,12,8,11,16
36,2622290,['No Pros'],['No Cons'],4.0,200 Reviews,105,43,17,20,15
37,2617546,['No Pros'],['No Cons'],4.4,1966 Reviews,1268,399,140,85,74
38,2618615,['No Pros'],['No Cons'],3.7,108 Reviews,48,26,10,4,20
39,2607291,['No Pros'],['No Cons'],4.0,102 Reviews,60,12,12,7,11
40,2586418,['No Pros'],['No Cons'],4.1,519 Reviews,319,86,39,20,55
41,2628927,"['9Dry Skin', '3Sensitive skin', '3Fair skin', '2Oily Skin', '2All Skin Types']",['No Cons'],4.6,512 Reviews,397,71,22,7,15
42,2607324,['No Pros'],['No Cons'],3.9,334 Reviews,174,50,34,43,33
43,2597553,['No Pros'],['No Cons'],3.9,166 Reviews,83,32,15,17,19
44,2613504,['No Pros'],['No Cons'],2.7,313 Reviews,108,16,10,17,162
45,2573281,"['1Lightweight, Medium Coverage, Skin-like Fininsh', ""1Doesn't smudge with masks"", '1Non comedogenic', '1Not too matte, not too shiny', '1Stays on all day']","[""1Price, but it's worth it."", '1NONE']",4.0,51 Reviews,31,5,3,7,5
46,2597565,['No Pros'],['No Cons'],3.5,192 Reviews,96,15,15,26,40
47,2601959,['No Pros'],['No Cons'],4.5,596 Reviews,388,141,42,13,12
48,2576034,['No Pros'],['No Cons'],4.5,17 Reviews,13,1,2,1,0
49,2618859,['No Pros'],['No Cons'],4.3,1834 Reviews,1000,495,216,82,41
50,2552811,"['1Full Coverage', '1Matte', '1Blends well', '1Clean', '1Lightweight']","['1Transfers', '1Not a true full coverage', '1Not a true matte, more demi-matte', '1Not a true matte; more of a demi-matte', '1Looked oily']",4.2,1489 Reviews,783,363,216,84,43
51,2605534,['No Pros'],['No Cons'],4.2,2056 Reviews,1049,603,289,82,33
52,2593663,['No Pros'],['No Cons'],4.3,20 Reviews,13,3,1,3,0
53,2603112,['No Pros'],['No Cons'],3.3,171 Reviews,61,32,15,16,47
54,2590169,['No Pros'],['No Cons'],4.0,4 Reviews,3,0,0,0,1
55,2577491,"[""1Doesn't settle into fine lines"", '1Looks like skin', '1Smoothing']","['1Silicone', '1Light Coverage']",4.0,327 Reviews,192,43,37,19,36
56,2575959,['No Pros'],['No Cons'],3.8,12 Reviews,7,1,1,0,3
57,2595249,['No Pros'],['No Cons'],4.6,175 Reviews,142,14,12,3,4
58,2554506,"['558Easy To Apply', '433Good Pigmentation', '401Goes On Smoothly', '388Blends Well', '267Lightweight']","['90Too Greasy', '85Heavy', ""63Doesn't Stay On"", '60Poor Coverage', '47Causes Breakouts']",4.0,3884 Reviews,1908,950,434,302,290
59,2553264,['1Works well for me'],"[""1Wouldn't work well for darker skin tones""]",4.2,115 Reviews,71,16,14,7,7
60,2578383,['No Pros'],['No Cons'],4.4,33 Reviews,22,5,3,2,1
61,2618266,['No Pros'],['No Cons'],2.9,13 Reviews,3,3,1,2,4
62,2579193,"['1Great coverage', '1Light', '1Hydrates', '1Perfect coverage without heavy feel', '1Finish']","['1Breakouts', '1Causes breakouts', '1Greasy', '1Heavy', '1Streaky coverage']",4.1,363 Reviews,231,36,28,19,49
63,2519621,['No Pros'],['No Cons'],2.8,94 Reviews,25,9,18,5,37
64,2579249,['No Pros'],['No Cons'],3.8,39 Reviews,20,8,2,2,7
65,2578400,"['1Matches skin perfectly and feels light.', '1Good match', '1Natural finish']",['1Not the longest lasting'],4.0,63 Reviews,37,10,4,4,8
66,2591360,['No Pros'],['No Cons'],3.7,300 Reviews,156,35,33,22,54
67,2578537,"['1Covers Blemishes', '1Exact Match', '1Medium to Full Coverage', '1Oxidizes Quickly', '1Easy to blend']","['1Less Buildable', '1Smells Like Crayons', '1Packaging attracts dust', '1Not buildable', '1Not full coverage']",4.0,87 Reviews,57,5,5,4,16
68,2605209,['No Pros'],['No Cons'],4.3,1440 Reviews,867,285,149,60,79
69,2610229,['No Pros'],['No Cons'],4.2,3015 Reviews,1670,714,274,117,240
70,2610240,['No Pros'],['No Cons'],4.1,22 Reviews,14,1,3,2,2
71,2605423,['No Pros'],['No Cons'],3.2,503 Reviews,208,60,35,39,161
72,2605426,['No Pros'],['No Cons'],4.1,265 Reviews,149,54,21,23,18
73,2588002,['No Pros'],['No Cons'],4.6,754 Reviews,526,154,51,11,12
74,2622819,['No Pros'],['No Cons'],4.3,100 Reviews,62,17,13,5,3
75,2577527,"['1Gentle', '1Glow', '1Good for sensitive skin', '1Moisture', '1With or without makeup']",['No Cons'],4.3,242 Reviews,166,33,15,15,13
76,2588007,['No Pros'],['No Cons'],4.2,800 Reviews,475,148,73,38,66
77,2605427,['No Pros'],['No Cons'],3.8,344 Reviews,176,50,35,23,60
78,2611697,['No Pros'],['No Cons'],4.4,32 Reviews,23,3,3,1,2
79,2588477,"['1Cooling effect', '1Lightweight', '1Non-Greasy', '1Smooth']",['1Slightly drying'],4.1,1159 Reviews,516,400,161,42,40
80,2602250,['No Pros'],['No Cons'],4.3,230 Reviews,152,38,10,13,17
81,2613929,['No Pros'],['No Cons'],5.0,3 Reviews,3,0,0,0,0
82,2572977,"['97Easy To Use', '81Lightweight', '70Effective', '50Good Value', '8Smells Great']","['2Needs to be shaken well', '1Can leave a dark residue - rub in thoroughly', '1Can leave a black residue - blend well', '1Expensive', '1Greasy']",3.4,268 Reviews,102,53,25,19,69
83,2611275,['No Pros'],"['1Feels greasy, even used in small drops.']",4.0,11 Reviews,6,3,0,0,2
84,2572964,"['140Easy To Use', '129Effective', '128Lightweight', '105Good Value', '89Smells Great']",['No Cons'],4.4,244 Reviews,161,50,13,13,7
85,2614632,['No Pros'],['No Cons'],4.5,2 Reviews,1,1,0,0,0
86,2607968,['No Pros'],['No Cons'],4.9,33 Reviews,30,3,0,0,0
87,2610656,['No Pros'],['No Cons'],5.0,1 Review,1,0,0,0,0
88,2541771,"['53Lightweight', '42Non-Greasy', '35Softens Skin', '27Soothes Skin', '18Moisturizes']","['11Not Effective', '3Heavy', '3Irritates Skin', '2Difficult to Apply', '2Bad Smell']",4.0,223 Reviews,141,26,7,10,39
89,2571848,"[""1Perfect trial size if you don't know what to buy"", '1Cruelty Free', '1Nice Formulas', '1It does the work', '1High Quality']","[""1Isn't very useful"", '1Patchy', '1I need the full size', '1Little product', '1Small']",4.4,233 Reviews,146,52,18,7,10
90,2585582,['No Pros'],['No Cons'],4.6,198 Reviews,156,18,14,4,6
91,2624329,['1It keeps you shine free for hours'],['No Cons'],4.3,33 Reviews,24,2,2,4,1
92,2603537,['No Pros'],['No Cons'],4.3,181 Reviews,107,46,9,11,8
93,2573978,"[""1It's easy to squeeze out"", '1Balancing', '1Good Price / Value', '1Good Quality SPF', '1Hydrating']","[""1Can't be used around eyes.""]",4.4,109 Reviews,80,14,5,3,7
94,2617225,['No Pros'],['No Cons'],4.4,587 Reviews,333,190,37,19,8
95,2588476,"['1Cooling effect', '1Lightweight', '1Non-Greasy', '1Smooth']",['1Slightly drying'],4.1,1159 Reviews,516,400,161,42,40
96,2581142,['No Pros'],['No Cons'],4.1,55 Reviews,32,10,6,1,6
97,2625436,['No Pros'],['No Cons'],4.5,12 Reviews,10,0,1,0,1
98,2577521,['No Pros'],['No Cons'],4.5,89 Reviews,68,9,6,2,4
99,2604781,['No Pros'],['No Cons'],4.5,8 Reviews,5,2,1,0,0
100,2603538,['No Pros'],['No Cons'],4.3,24 Reviews,17,3,0,1,3
101,2619555,['No Pros'],['No Cons'],4.0,17 Reviews,12,0,1,1,3
102,2608438,['No Pros'],['No Cons'],4.6,25 Reviews,20,3,1,0,1
103,2617931,['No Pros'],['No Cons'],4.3,37 Reviews,25,4,2,5,1
104,2621549,['No Pros'],['No Cons'],4.6,472 Reviews,331,96,28,12,5
105,2572838,"['1Simple to apply, no streaking or ghosting', '1Blurring', '1Creamy', '1Hydrating', '1Smoothing']","['1Price, but really worth it']",4.7,49 Reviews,44,1,2,0,2
106,2600210,['No Pros'],['No Cons'],4.7,955 Reviews,793,72,46,22,22
107,2588003,['No Pros'],['No Cons'],4.6,754 Reviews,526,154,51,11,12
108,2573977,"['1No allergic reaction', '1Makes my makeup last all day']",['1None'],3.7,124 Reviews,68,10,7,13,26
109,2582577,"['1Acne Fighting', '1Holds Makeup In Place', '1Light Feeling', '1Smoothing', '1Lightweight']",['No Cons'],4.4,216 Reviews,154,26,15,8,13
110,2624822,['No Pros'],['No Cons'],5.0,1 Review,1,0,0,0,0
111,2598605,['No Pros'],['No Cons'],4.5,350 Reviews,218,85,39,3,5
112,2604558,['No Pros'],['No Cons'],4.3,1117 Reviews,584,324,156,38,15
113,2573979,"['1Kindof hydrating', '1Lasts all day', '1Moisturizer']","['1Burned skin', '1Burns eyes']",4.4,88 Reviews,57,19,4,3,5
114,2583782,"['1Easy To Use', '1Effective', '1Good Value', '1Lightweight']",['No Cons'],3.2,17 Reviews,7,2,0,4,4
115,2603562,['No Pros'],['No Cons'],4.4,147 Reviews,86,42,14,2,3
116,2623403,['No Pros'],['No Cons'],4.6,282 Reviews,194,67,13,6,2
117,2583801,"['4Easy To Use', '4Effective', '3Good Value', '2Lightweight', '1Good Color Payoff']",['No Cons'],3.2,62 Reviews,19,9,10,11,13
118,2622901,['No Pros'],['No Cons'],4.7,114 Reviews,87,19,4,3,1
119,2620681,['No Pros'],['No Cons'],4.5,319 Reviews,220,65,19,8,7
120,2606440,['No Pros'],['No Cons'],4.0,1 Review,0,1,0,0,0
121,2603688,['No Pros'],['No Cons'],4.3,79 Reviews,44,22,8,2,3
122,2576209,['1Easy to apply'],['No Cons'],4.7,3 Reviews,2,1,0,0,0
123,2576111,['No Pros'],['No Cons'],3.5,6 Reviews,3,0,0,3,0
124,2621550,['No Pros'],['No Cons'],4.6,472 Reviews,331,96,28,12,5
125,2620685,['No Pros'],['No Cons'],4.5,319 Reviews,220,65,19,8,7
126,2618824,['No Pros'],['No Cons'],2.8,5 Reviews,2,0,0,1,2
127,2595006,['No Pros'],['No Cons'],4.6,393 Reviews,269,91,22,6,5
128,2596721,['No Pros'],['No Cons'],4.5,281 Reviews,171,81,23,5,1
129,2607234,['No Pros'],['No Cons'],3.3,3 Reviews,1,1,0,0,1
130,2574548,['No Pros'],['No Cons'],4.0,282 Reviews,127,78,39,19,19
131,2625953,['No Pros'],['No Cons'],4.5,1430 Reviews,905,355,136,24,10
132,2558400,"['1Glowy not shiny/greasy', '1Good for sensitive skin', '1Helps makeup stay on all day', '1Lightweight serum']",['No Cons'],4.7,44 Reviews,38,1,4,0,1
133,2618292,['No Pros'],['No Cons'],3.3,11 Reviews,5,1,0,2,3
134,2620847,['No Pros'],['No Cons'],3.5,2 Reviews,0,1,1,0,0
135,2603689,['No Pros'],['No Cons'],3.9,47 Reviews,20,11,10,4,2
136,2625952,['No Pros'],['No Cons'],4.5,1430 Reviews,905,355,136,24,10
137,2574457,"['1Cost effective', '1Smells good']","['1Difficult To Use', '1Consistency']",4.3,174 Reviews,109,36,11,12,6
138,2558428,"['1Long lasting', '1Smooth like rose petal', '1True matte']",['No Cons'],4.4,29 Reviews,19,4,4,2,0
139,2557078,['1Adds color but not a lot of shine.'],['No Cons'],4.3,676 Reviews,377,172,86,27,14
140,2604935,['No Pros'],['No Cons'],4.3,24 Reviews,14,6,2,1,1
141,2623911,['No Pros'],['No Cons'],5.0,4 Reviews,4,0,0,0,0
142,2597546,['No Pros'],['No Cons'],4.5,54 Reviews,39,9,4,0,2
143,2607233,['No Pros'],['No Cons'],4.2,6 Reviews,4,0,1,1,0
144,2607232,['No Pros'],['No Cons'],4.3,36 Reviews,20,9,6,0,1
145,2625955,['No Pros'],['No Cons'],4.5,1430 Reviews,905,355,136,24,10
146,2589823,['No Pros'],['No Cons'],4.5,97 Reviews,68,17,8,2,2
147,2604612,['No Pros'],['No Cons'],3.1,10 Reviews,4,0,2,1,3
148,2564795,"['1Glowy', '1Hydrating', '1Skin benefits', '1Smells Great']",['No Cons'],5.0,2 Reviews,2,0,0,0,0
149,2615813,['No Pros'],['No Cons'],4.7,138 Reviews,110,19,7,1,1
150,2600659,['No Pros'],['No Cons'],4.2,37 Reviews,26,3,2,1,5
151,2510253,"['294Easy To Apply', '199Looks Natural', '193Good Pigmentation', '182Blends Easily', ""161Doesn't Appear Cakey""]","[""29Doesn't Blend Well"", ""27Doesn't Apply Smoothly"", ""25Doesn't Stay On"", ""23Doesn't Work"", '21Poor Coverage']",4.0,1607 Reviews,757,411,212,100,127
152,2605151,['No Pros'],['No Cons'],4.4,128 Reviews,84,28,6,2,8
153,2542387,"['1Helps foundation last', '1Long-lasting primer', '1Neutralizes redness']",['1Very drying on the face and shows texture'],3.5,21 Reviews,10,0,4,5,2
154,2542376,['No Pros'],['No Cons'],4.2,24 Reviews,14,5,3,0,2
155,2601537,['No Pros'],['No Cons'],4.4,11 Reviews,8,0,2,1,0
156,2594562,['No Pros'],['No Cons'],4.3,3 Reviews,2,0,1,0,0
157,2623137,['No Pros'],['No Cons'],4.5,15 Reviews,12,0,2,1,0
158,2624632,['No Pros'],['No Cons'],4.6,985 Reviews,732,165,54,21,13
159,2619159,['No Pros'],['No Cons'],2.0,1 Review,0,0,0,1,0
160,2526409,"['4Lightweight', '3Easy To Apply', '3Long Lasting', '3Smooth', '2Natural Looking']",['No Cons'],3.8,14 Reviews,8,2,0,1,3
161,2603539,['No Pros'],['No Cons'],3.2,5 Reviews,2,1,0,0,2
162,2597862,['No Pros'],['No Cons'],4.0,5 Reviews,3,1,0,0,1
163,2624580,['1It keeps you shine free for hours'],['No Cons'],4.3,33 Reviews,24,2,2,4,1
164,2626706,['No Pros'],['No Cons'],4.7,508 Reviews,386,91,21,6,4
165,2620022,['No Pros'],['No Cons'],5.0,4 Reviews,4,0,0,0,0
166,2615256,['No Pros'],['No Cons'],4.5,35 Reviews,27,3,3,1,1
167,2625515,['No Pros'],['No Cons'],4.6,188 Reviews,135,36,12,3,2
168,2564796,['No Pros'],['No Cons'],2.0,1 Review,0,0,0,1,0
169,2594849,['No Pros'],['No Cons'],4.3,286 Reviews,180,55,24,11,16
170,2628402,['No Pros'],['No Cons'],4.8,864 Reviews,740,98,17,5,4
171,2617738,['No Pros'],['No Cons'],4.7,3482 Reviews,2794,504,121,36,27
172,2621261,['No Pros'],['No Cons'],4.7,505 Reviews,415,52,18,10,10
173,2583745,"['1Highly pigmented', '1Easy application']",['No Cons'],4.7,526 Reviews,456,37,10,10,13
174,2625272,['No Pros'],['No Cons'],4.7,542 Reviews,410,104,14,8,6
175,2598116,['No Pros'],['No Cons'],4.3,245 Reviews,165,33,15,16,16
176,2617037,['No Pros'],['No Cons'],4.7,1077 Reviews,857,156,42,13,9
177,2622622,['No Pros'],['No Cons'],4.7,7 Reviews,5,2,0,0,0
178,2592449,['No Pros'],['No Cons'],4.5,129 Reviews,95,16,6,10,2
179,2603018,['No Pros'],['No Cons'],4.2,127 Reviews,78,22,12,7,8
180,2618995,['No Pros'],['No Cons'],4.5,54 Reviews,44,1,3,2,4
181,2624270,['No Pros'],['No Cons'],4.7,369 Reviews,269,81,13,3,3
182,2619515,['No Pros'],['No Cons'],4.5,797 Reviews,514,209,54,15,5
183,2610305,['No Pros'],['No Cons'],3.8,211 Reviews,107,33,19,31,21
184,2611433,['No Pros'],['No Cons'],4.7,609 Reviews,460,117,23,4,5
185,2624893,['No Pros'],['No Cons'],4.3,389 Reviews,242,72,43,19,13
186,2609193,['No Pros'],['No Cons'],4.7,207 Reviews,178,11,6,2,10
187,2625628,['No Pros'],['No Cons'],4.6,281 Reviews,195,72,12,1,1
188,2619322,['No Pros'],['No Cons'],4.4,8 Reviews,4,3,1,0,0
189,2621808,"['3Easy to Use', '3Effective', '3Feels Great on Skin', '3Good Color Coverage', '3Good Texture']",['No Cons'],4.7,1331 Reviews,1014,254,47,10,6
190,2618682,['No Pros'],['No Cons'],4.8,59 Reviews,52,4,1,1,1
191,2620021,['No Pros'],['No Cons'],5.0,2 Reviews,2,0,0,0,0
192,2623838,['No Pros'],['No Cons'],4.1,235 Reviews,118,64,31,12,10
193,2609909,['No Pros'],['No Cons'],4.4,371 Reviews,272,39,24,18,18
194,2620618,['No Pros'],['No Cons'],4.5,126 Reviews,91,17,10,6,2
195,2594966,['No Pros'],['No Cons'],4.7,563 Reviews,428,98,24,9,4
196,2617460,['No Pros'],['No Cons'],4.5,490 Reviews,304,134,44,7,1
197,2627537,['No Pros'],['No Cons'],4.5,218 Reviews,136,57,18,3,4
198,2602248,"['1Easy To Apply', '1Natural Looking']","[""1Doesn't Stay On"", ""1Doesn't Work""]",4.5,206 Reviews,160,17,12,7,10
199,2595875,['No Pros'],['No Cons'],4.6,26 Reviews,22,2,0,0,2
200,2583413,['1Pigmented'],['No Cons'],4.2,94 Reviews,56,18,7,8,5
201,2593962,['No Pros'],['No Cons'],4.5,86 Reviews,62,13,6,2,3
202,2595747,"['1Blendable', '1Buildable', '1Light', '1Silky', '1Smooth']",['No Cons'],4.4,14 Reviews,10,2,0,2,0
203,2599123,['No Pros'],['No Cons'],4.5,107 Reviews,77,20,3,5,2
204,2599827,['No Pros'],['No Cons'],4.2,149 Reviews,91,21,16,10,11
205,2597110,"['2Easy to apply', '1Lasts long', '1Lightweight', '1Smells great', '1Smooth']",['No Cons'],4.4,317 Reviews,211,59,27,10,10
206,2623456,['No Pros'],['No Cons'],4.9,21 Reviews,20,0,1,0,0
207,2625731,['No Pros'],['No Cons'],3.8,4 Reviews,2,0,1,1,0
208,2601104,['No Pros'],['No Cons'],4.0,122 Reviews,64,19,16,20,3
209,2595212,"['3Easy To Use', '3Good Color Payoff', '3Good Value', '3Lightweight', '2Effective']",['No Cons'],4.3,399 Reviews,227,105,44,17,6
210,2603637,"['10All Day Wear', '9Lightweight', '7Natural Glow', '5Combination Skin', '3Dry Skin']",['No Cons'],4.6,1051 Reviews,718,239,73,12,9
211,2622793,['No Pros'],['No Cons'],4.7,6 Reviews,5,0,1,0,0
212,2583677,"['106All Skin Types', '81Dry Skin', '79Combination Skin', '71Normal Skin', '27Dull Skin']",['No Cons'],4.6,735 Reviews,557,104,37,18,19
213,2599451,['No Pros'],['No Cons'],4.3,294 Reviews,202,37,15,19,21
214,2583309,['1A little goes a long way'],['No Cons'],4.7,963 Reviews,711,201,36,6,9
215,2618633,['No Pros'],['No Cons'],4.3,43 Reviews,32,3,1,3,4
216,2613119,['No Pros'],['No Cons'],4.7,236 Reviews,174,45,13,4,0
217,2590468,['No Pros'],['No Cons'],4.6,326 Reviews,242,56,22,3,3
218,2623998,['No Pros'],['No Cons'],4.6,501 Reviews,346,104,37,8,6
219,2612232,['No Pros'],['No Cons'],4.7,34 Reviews,31,1,0,0,2
220,2618550,['No Pros'],['No Cons'],4.7,839 Reviews,647,143,42,6,1
221,2595436,['No Pros'],['No Cons'],4.5,652 Reviews,450,130,46,17,9
222,2585074,"['2Easy to use', '1Everyday', '1Convenience', '1Compact, travel-ready, cute', '1Pretty eyeshadow color']","['1Packaging', '1Fall out', '1Less pigmentation', '1Poor quality', '1Formula']",4.0,261 Reviews,137,54,28,19,23
223,2603000,['No Pros'],['No Cons'],4.4,124 Reviews,80,28,5,6,5
224,2596240,['No Pros'],['No Cons'],4.7,1235 Reviews,1042,86,59,32,16
225,2620853,['No Pros'],['No Cons'],4.7,100 Reviews,76,21,2,0,1
226,2621127,['No Pros'],['No Cons'],4.5,867 Reviews,561,208,67,24,7
227,2585069,"['1Sheer not heavy pretty color', '1Blends nicely!', '1Very creamy and wonderful  color consistency', '1It looks ok if you use on your lips', '1As it says you have 2 products in one']","['1Wish that there were more color options.', '1Bad mix with their foundation', '1Cakey on the lips', '1I was expecting a more rich color.']",4.0,152 Reviews,88,28,8,9,19
228,2575861,['No Pros'],['No Cons'],4.4,7 Reviews,6,0,0,0,1
229,2625489,['No Pros'],['No Cons'],4.1,19 Reviews,7,8,2,2,0
230,2568578,['No Pros'],['No Cons'],4.4,30 Reviews,22,4,1,1,2
231,2599543,['No Pros'],['No Cons'],4.4,22 Reviews,18,0,0,3,1
232,2605949,"['1Beautiful Color', '1Blendable', '1Creamy', '1Pigmented', '1Colors are great']",['1Smells like chemical make up'],5.0,14 Reviews,14,0,0,0,0
233,2607064,['No Pros'],['No Cons'],4.4,73 Reviews,46,18,2,4,3
234,2615144,['No Pros'],['No Cons'],4.5,121 Reviews,74,40,6,0,1
235,2619244,['No Pros'],['No Cons'],4.3,12 Reviews,8,2,1,0,1
236,2617300,['No Pros'],['No Cons'],3.7,10 Reviews,4,2,2,1,1
237,2620460,['No Pros'],['No Cons'],4.8,11 Reviews,9,2,0,0,0
238,2579895,['No Pros'],['No Cons'],4.4,30 Reviews,23,3,1,0,3
239,2619522,['No Pros'],['No Cons'],4.4,9 Reviews,7,0,1,1,0
240,2557340,"['2Pigmented', '2Buildable', ""1It's perfect.  A little goes a long way."", '1Blendable', '1Natural Glow']","['1You have to watch how much', '1Dried quickly', '1Very small tube', ""1Color washes out & doesn't last long"", '1Patchy']",4.1,192 Reviews,108,31,24,17,12
241,2613913,['No Pros'],['No Cons'],4.8,12 Reviews,11,0,0,1,0
242,2603025,['No Pros'],['No Cons'],4.3,117 Reviews,77,18,6,10,6
243,2620729,['No Pros'],['No Cons'],4.5,140 Reviews,94,34,8,1,3
244,2613842,['No Pros'],['No Cons'],4.9,10 Reviews,9,1,0,0,0
245,2625486,['No Pros'],['No Cons'],3.4,17 Reviews,9,1,1,0,6
246,2606185,['No Pros'],['No Cons'],4.8,51 Reviews,45,4,0,0,2
247,2590469,"['1Easy to blend', '1Gorgeous on all skin tones', '1Pigmented', '1Please never discontinue this product']",['1None'],4.6,165 Reviews,114,35,13,1,2
248,2501393,"[""1Don't need to wear too much""]",['1A lot of kick back'],4.0,195 Reviews,99,46,22,10,18
249,2620023,['No Pros'],['No Cons'],5.0,6 Reviews,6,0,0,0,0
250,2563077,['No Pros'],['No Cons'],4.3,38 Reviews,28,3,2,0,5
251,2603445,['No Pros'],['No Cons'],4.5,20 Reviews,15,2,1,1,1
252,2596550,"['1Pigmented', '1Youthful glow', '1Buildable', '1Fresh color', '1Nice packaging']",['1None'],4.4,51 Reviews,39,3,2,2,5
253,2598375,['No Pros'],['No Cons'],4.2,571 Reviews,272,190,76,25,8
254,2588787,['No Pros'],['No Cons'],4.3,150 Reviews,83,40,14,8,5
255,2620022,['No Pros'],['No Cons'],5.0,4 Reviews,4,0,0,0,0
256,2584989,['No Pros'],"['1Dark', '1Too Warm', '1Unflattering']",4.4,26 Reviews,18,3,3,1,1
257,2584994,['No Pros'],['No Cons'],4.6,32 Reviews,28,0,0,2,2
258,2547121,"['2Pigmented', '1A hint of sparkle', '1Beautiful Color', '1Mystical shimmer', '1Pretty shades']","['1Glitter EVERYWHERE', '1Cracks/Crumbles Easily', '1Not great pigmentation', ""1Sparkle is only on surface, it doesn't"", '1Sparkle only on surface not throughout']",4.3,93 Reviews,63,12,6,9,3
259,2592826,['No Pros'],['No Cons'],4.4,68 Reviews,45,14,4,3,2
260,2606193,['No Pros'],['No Cons'],3.9,8 Reviews,4,1,1,2,0
261,2619236,['No Pros'],['No Cons'],4.3,8 Reviews,3,4,1,0,0
262,2611591,['No Pros'],['No Cons'],3.9,23 Reviews,13,3,2,2,3
263,2571837,"['1This blush goes on smoothly, and stays all day.', '1Blends Easily', '1Builds Easily', '1Sheers out easily', '1Suits most skintones']","['1Comparable to any drugstore blush', ""1Doesn't last long"", '1Have to reapply']",4.4,29 Reviews,20,2,5,2,0
264,2580294,['No Pros'],['No Cons'],3.4,25 Reviews,10,3,3,5,4
265,2592762,"['1Sheer and buildable', '1Goes on smoothly']",['1None'],4.1,255 Reviews,167,30,8,12,38
266,2572721,"['1Light weight', '1Luminous glow', '1Natural']",['No Cons'],4.1,20 Reviews,12,1,4,2,1
267,2596620,['No Pros'],['No Cons'],3.5,20 Reviews,8,3,3,3,3
268,2576104,['No Pros'],['No Cons'],4.1,21 Reviews,13,4,0,2,2
269,2610772,['No Pros'],['No Cons'],4.7,240 Reviews,183,45,10,0,2
270,2611505,['No Pros'],['No Cons'],4.5,55 Reviews,41,8,1,2,3
271,2620546,['No Pros'],['No Cons'],4.2,5 Reviews,2,2,1,0,0
272,2594667,['No Pros'],['No Cons'],4.5,430 Reviews,301,73,26,11,19
273,2583449,['No Pros'],['No Cons'],4.3,1348 Reviews,806,315,145,43,39
274,2619754,['No Pros'],['No Cons'],2.6,5 Reviews,1,1,0,1,2
275,2588688,"['1Blendable', '1Buildable', '1Creamy']",['No Cons'],4.6,1083 Reviews,863,108,62,44,6
276,2592825,['No Pros'],['No Cons'],4.5,91 Reviews,65,13,6,4,3
277,2560675,['No Pros'],['1So easy to use'],4.4,81 Reviews,56,16,1,3,5
278,2588778,"['1Creamy and can use on lips, eyes & cheeks!', '1Amazing shades!', '1Can be use cheek, lips and eyes.']",['No Cons'],4.4,17 Reviews,14,0,1,0,2
279,2611070,['No Pros'],['No Cons'],3.1,44 Reviews,11,9,7,8,9
280,2623911,['No Pros'],['No Cons'],5.0,4 Reviews,4,0,0,0,0
281,2554638,"['1LONGLASTING', '1Good Color Options']",['No Cons'],4.4,11 Reviews,8,1,1,0,1
282,2620682,['No Pros'],['No Cons'],4.8,149 Reviews,122,21,3,2,1
283,2608766,['No Pros'],['No Cons'],4.3,6 Reviews,4,0,2,0,0
284,2620024,['No Pros'],['No Cons'],5.0,2 Reviews,2,0,0,0,0
285,2595858,['No Pros'],['No Cons'],4.7,92 Reviews,76,9,3,3,1
286,2590468,['No Pros'],['No Cons'],4.6,326 Reviews,242,56,22,3,3
287,2617460,['No Pros'],['No Cons'],4.5,490 Reviews,304,134,44,7,1
288,2616732,['No Pros'],['No Cons'],5.0,2 Reviews,2,0,0,0,0
289,2601094,['No Pros'],['No Cons'],1.0,1 Review,0,0,0,0,1
290,2627543,['No Pros'],['No Cons'],4.6,235 Reviews,169,53,9,3,1
291,2622299,['No Pros'],['No Cons'],4.4,40 Reviews,24,12,1,1,2
292,2617876,['No Pros'],['No Cons'],4.5,177 Reviews,121,31,14,8,3
293,2613108,['No Pros'],['No Cons'],4.8,177 Reviews,150,24,0,1,2
294,2594989,['No Pros'],['No Cons'],4.1,82 Reviews,43,19,10,7,3
295,2594948,['No Pros'],['No Cons'],5.0,30 Reviews,29,1,0,0,0
296,2610303,['No Pros'],['No Cons'],4.4,18 Reviews,14,0,2,1,1
297,2583892,['1Beautiful color'],['1Not budge proof'],4.7,102 Reviews,81,13,4,2,2
298,2616526,['No Pros'],['No Cons'],5.0,8 Reviews,8,0,0,0,0
299,2566086,['No Pros'],['No Cons'],4.5,479 Reviews,310,124,30,6,9
300,2615774,['No Pros'],['No Cons'],4.8,278 Reviews,242,32,2,0,2
301,2588777,['No Pros'],['No Cons'],3.7,3 Reviews,2,0,0,0,1
302,2620169,"['1Flattering', '1Matte shade + enhancing shade', '1A little goes a long way', '1Beautiful Color', '1Buildable formula']",['No Cons'],4.4,87 Reviews,54,23,4,2,4
303,2623793,"['9Easy To Use', '8Good Value', '8Good Color Payoff', '8Smells Great', '6Effective']",['No Cons'],4.3,693 Reviews,414,166,70,24,19
304,2618540,['No Pros'],['No Cons'],4.8,18 Reviews,17,0,0,1,0
305,2555734,['No Pros'],['No Cons'],4.6,32 Reviews,27,1,2,1,1
306,2592097,"[""1Doesn't pickup foundation"", '1Easy to apply', '1Long lasting color']",['No Cons'],4.5,47 Reviews,37,3,4,1,2
307,2610788,['No Pros'],['No Cons'],4.1,91 Reviews,47,26,4,10,4
308,2583192,['1Easy to blend'],['No Cons'],4.6,877 Reviews,603,212,45,10,7
309,2608918,['No Pros'],['No Cons'],4.8,595 Reviews,491,81,17,2,4
310,2604780,['No Pros'],['No Cons'],3.9,93 Reviews,50,11,11,13,8
311,2618997,['No Pros'],['No Cons'],4.5,96 Reviews,70,12,6,5,3
312,2619620,['No Pros'],['No Cons'],4.7,18 Reviews,15,2,0,1,0
313,2609683,"['2Smooth', '1Creamy', '1No smell', '1Warm colors', '1Bright and soft']","['1Packaging.', '1Not easily blended (Cherry Blossom)', '1Oily (Cherry Blossom)', '1Unnecessary Packaging']",4.7,13 Reviews,11,1,0,1,0
314,2593752,"['1My skin tone', '1Face']",['No Cons'],4.5,57 Reviews,44,8,1,0,4
315,2600950,['No Pros'],['No Cons'],5.0,2 Reviews,2,0,0,0,0
316,2604293,['No Pros'],['No Cons'],4.2,54 Reviews,37,5,3,3,6
317,2593962,['No Pros'],['No Cons'],4.5,86 Reviews,62,13,6,2,3
318,2592467,['No Pros'],['No Cons'],4.7,55 Reviews,46,4,4,1,0
319,2570348,"['1Blends easily', '1Natural glow', '1Works under or over powder']",['1Strong scent'],4.3,108 Reviews,81,6,3,9,9
320,2619295,['No Pros'],['No Cons'],5.0,18 Reviews,18,0,0,0,0
321,2583490,"['2Easy application', '1PIGMENT, SMOOTH NOT PATCHY', '1THE TONE IS PERFECT', '1Sun-kissed look', '1Easy to blend']",['No Cons'],4.8,404 Reviews,355,19,18,9,3
322,2619611,['No Pros'],['No Cons'],4.8,13 Reviews,10,3,0,0,0
323,2620020,['No Pros'],['No Cons'],4.0,2 Reviews,1,0,1,0,0
324,2614997,['No Pros'],['No Cons'],4.4,235 Reviews,156,40,19,10,10
325,2575906,['1Blendable'],"['1Swirl it in two or three times for more coverage', '1Very orange', '1You have to go light handed.']",4.3,31 Reviews,20,4,3,3,1
326,2625727,['No Pros'],['No Cons'],4.9,7 Reviews,6,1,0,0,0
327,2620545,['No Pros'],['No Cons'],4.7,207 Reviews,159,38,6,2,2
328,2599123,['No Pros'],['No Cons'],4.5,107 Reviews,77,20,3,5,2
329,2626358,['No Pros'],['No Cons'],4.6,114 Reviews,81,23,4,6,0
330,2584178,"['1Blends easily', '1Easy application', '1Fast and easy!']",['1None'],4.6,55 Reviews,46,0,4,4,1
331,2624147,['No Pros'],['No Cons'],4.9,7 Reviews,6,1,0,0,0
332,2616836,['No Pros'],['No Cons'],4.8,94 Reviews,78,12,3,0,1
333,2608928,['No Pros'],['No Cons'],4.8,595 Reviews,491,81,17,2,4
334,2618624,['No Pros'],['No Cons'],5.0,38 Reviews,36,2,0,0,0
335,2617752,['No Pros'],['No Cons'],4.6,215 Reviews,151,47,9,5,3
336,2622620,['No Pros'],['No Cons'],4.6,46 Reviews,34,9,2,0,1
337,2620471,['No Pros'],['No Cons'],4.5,209 Reviews,141,44,17,6,1
338,2623455,['No Pros'],['No Cons'],4.6,280 Reviews,189,61,27,2,1
339,2596914,['No Pros'],['No Cons'],3.1,8 Reviews,3,1,1,0,3
340,2570081,['1Buildable'],['No Cons'],4.3,38 Reviews,26,4,4,2,2
341,2540734,"['1Big palette', '1Helpful diagrams', '1High quality', '1The highlights are beyond amazing']",['No Cons'],4.3,28 Reviews,17,7,1,1,2
342,2613920,['No Pros'],['No Cons'],4.9,8 Reviews,7,1,0,0,0
343,2605867,['No Pros'],['No Cons'],4.5,100 Reviews,73,16,4,6,1
344,2608653,['No Pros'],['No Cons'],4.4,35 Reviews,28,1,1,1,4
345,2621132,['No Pros'],['No Cons'],4.5,780 Reviews,493,203,65,13,6
346,2615729,['No Pros'],['No Cons'],4.3,271 Reviews,141,90,32,5,3
347,2609683,"['2Smooth', '1Creamy', '1No smell', '1Warm colors', '1Bright and soft']","['1Packaging.', '1Not easily blended (Cherry Blossom)', '1Oily (Cherry Blossom)', '1Unnecessary Packaging']",4.7,13 Reviews,11,1,0,1,0
348,2611717,['No Pros'],['No Cons'],4.4,516 Reviews,382,50,40,18,26
349,2597580,['No Pros'],['No Cons'],4.0,105 Reviews,61,14,9,9,12
350,2608437,['No Pros'],['No Cons'],4.5,20 Reviews,14,4,1,0,1
351,2575986,['No Pros'],['No Cons'],4.6,10 Reviews,7,2,1,0,0
352,2587386,['No Pros'],['No Cons'],4.3,29 Reviews,18,6,3,0,2
353,2584751,['No Pros'],['No Cons'],4.9,28 Reviews,26,2,0,0,0
354,2568578,['No Pros'],['No Cons'],4.4,30 Reviews,22,4,1,1,2
355,2578118,['No Pros'],['No Cons'],4.3,113 Reviews,63,26,17,5,2
356,2570436,"['3Pigmented', '2Blendable', '2Blends nicely', '2Buildable', '1Best bronzer ever!!']","['1Kickup', '1Patchy', '1Cakey', '1Misleading shade', '1Caused rash']",4.0,136 Reviews,82,17,10,12,15
357,2547120,"['1Blendable', '1Creamy for being a powder', '1No glitter, just a light glow', '1Gives a nice subtle highlight', '1Lasts all day']",['No Cons'],4.1,51 Reviews,30,9,4,2,6
358,2605949,"['1Beautiful Color', '1Blendable', '1Creamy', '1Pigmented', '1Colors are great']",['1Smells like chemical make up'],5.0,14 Reviews,14,0,0,0,0
359,2593962,['No Pros'],['No Cons'],4.5,86 Reviews,62,13,6,2,3
360,2540734,"['1Big palette', '1Helpful diagrams', '1High quality', '1The highlights are beyond amazing']",['No Cons'],4.3,28 Reviews,17,7,1,1,2
361,2597876,['No Pros'],['No Cons'],4.4,25 Reviews,16,5,3,0,1
362,2619276,['No Pros'],['No Cons'],4.0,14 Reviews,8,2,1,2,1
363,2620793,['No Pros'],['No Cons'],4.4,38 Reviews,26,5,5,1,1
364,2588774,['No Pros'],['No Cons'],5.0,2 Reviews,2,0,0,0,0
365,2618633,['No Pros'],['No Cons'],4.3,43 Reviews,32,3,1,3,4
366,2626753,['No Pros'],['No Cons'],5.0,3 Reviews,3,0,0,0,0
367,2617683,['No Pros'],['No Cons'],4.4,84 Reviews,49,24,6,2,3
368,2626754,['No Pros'],['No Cons'],5.0,2 Reviews,2,0,0,0,0
369,2604216,['No Pros'],['No Cons'],4.7,105 Reviews,87,8,6,1,3
370,2592600,['No Pros'],['No Cons'],4.1,45 Reviews,24,10,4,4,3
371,2579001,"['1Easy to blend', '1None']","['1Deceptive', '1Ill-conceived', '1Lazy', '1Repackaged Shades']",4.2,24 Reviews,15,5,1,0,3
372,2570349,['No Pros'],['No Cons'],4.4,19 Reviews,15,0,1,2,1
373,2622873,['No Pros'],['No Cons'],4.6,1587 Reviews,1169,285,104,22,7
374,2618106,['No Pros'],['No Cons'],4.3,24 Reviews,16,3,2,1,2
375,2568235,['No Pros'],['No Cons'],4.5,29 Reviews,22,3,1,1,2
376,2624346,['No Pros'],['No Cons'],4.7,174 Reviews,134,29,7,3,1
377,2619318,['No Pros'],['No Cons'],4.7,422 Reviews,316,75,25,4,2
378,2622884,['No Pros'],['No Cons'],4.6,1313 Reviews,949,271,80,11,2
379,2592606,['No Pros'],['No Cons'],4.5,108 Reviews,87,6,6,2,7
380,2609538,"['3Easy To Use', '3Effective', '3Good Value', '2Good Color Payoff', '2Lightweight']",['No Cons'],4.6,451 Reviews,315,94,28,9,5
381,2600961,['No Pros'],['No Cons'],5.0,1 Review,1,0,0,0,0
382,2595289,['No Pros'],['No Cons'],4.6,175 Reviews,141,18,6,5,5
383,2505288,"['724Easy To Apply', '680Blends Well', '599Good Pigmentation', '524Long Lasting', '519Smooth']","['103Poor Coverage', ""78Doesn't Stay On"", ""65Doesn't Work"", '58Heavy', '54Difficult to Apply']",4.0,2249 Reviews,1209,422,255,172,191
384,2607268,['No Pros'],['No Cons'],2.9,32 Reviews,10,3,1,11,7
385,2617411,"['8Good Color Payoff', '7Easy To Use', '7Lightweight', '6Good Value', '5Effective']",['No Cons'],4.4,764 Reviews,507,142,48,28,39
386,2606949,['No Pros'],['No Cons'],4.3,178 Reviews,121,24,15,7,11
387,2617749,['No Pros'],['No Cons'],4.5,2307 Reviews,1510,496,217,56,28
388,2592603,['No Pros'],['No Cons'],4.9,13 Reviews,12,1,0,0,0
389,2623551,['No Pros'],['No Cons'],4.7,464 Reviews,355,80,22,6,1
390,2553315,['No Pros'],['No Cons'],4.3,1390 Reviews,748,438,153,37,14
391,2571844,['1Blends well'],['No Cons'],4.0,121 Reviews,63,22,16,12,8
392,2566503,['No Pros'],['No Cons'],4.5,479 Reviews,310,124,30,6,9
393,2619620,['No Pros'],['No Cons'],4.7,18 Reviews,15,2,0,1,0
394,2624147,['No Pros'],['No Cons'],4.9,7 Reviews,6,1,0,0,0
395,2588677,"['1Easy to use, subtle, feels amazing on skin', '1Glowy', '1Mixes well with others', '1Nourishing', '1Very pigmented']",['No Cons'],4.5,367 Reviews,288,33,17,16,13
396,2602720,"['163All Skin Types', '45Combination Skin', '33Normal Skin', '23Dry Skin', '21Dull Skin']",['No Cons'],4.6,611 Reviews,482,72,31,16,10
397,2610379,['No Pros'],['No Cons'],3.8,276 Reviews,148,19,42,32,35
398,2604924,['No Pros'],['No Cons'],4.6,7111 Reviews,5263,1125,342,214,167
399,2623853,['No Pros'],['No Cons'],4.3,8 Reviews,3,4,1,0,0
400,2592270,['No Pros'],['No Cons'],4.5,244 Reviews,192,19,10,9,14
401,2609257,['No Pros'],['No Cons'],4.5,1655 Reviews,1084,378,137,33,23
402,2622793,['No Pros'],['No Cons'],4.7,6 Reviews,5,0,1,0,0
403,2594949,['No Pros'],['No Cons'],4.6,62 Reviews,49,8,1,3,1
404,2500450,"['40Easy To Apply', '35Good Pigmentation', '21Good Value', '20Long Lasting', '20Blends Well']","['9Wears Off Easily', '7Messy', '5Difficult to Apply', ""3Doesn't blend well"", ""3Doesn't Stay On""]",4.0,773 Reviews,395,182,82,44,70
405,2609181,['No Pros'],['No Cons'],4.5,2420 Reviews,1595,504,182,97,42
406,2624539,['No Pros'],['No Cons'],4.8,944 Reviews,800,107,30,5,2
407,2624349,['No Pros'],['No Cons'],4.7,529 Reviews,391,108,20,7,3
